2022,03,29,NMIXX,TANK,168146
2022,03,29,NMIXX,TANK,168146
2022,03,29,NMIXX,TANK,168146
2022,03,29,NMIXX,TANK,168146
2022,03,29,NMIXX,TANK,168146
2022,03,29,NMIXX,TANK,168146
2022,03,29,NMIXX,TANK,168146
2022,03,29,NMIXX,TANK,168146
2022,03,29,NMIXX,TANK,168146
2022,03,29,NMIXX,TANK,168146
2022,03,29,NMIXX,TANK,168146
2022,03,29,NMIXX,TANK,168146
2022,03,29,NMIXX,TANK,168146
2022,03,29,NMIXX,TANK,168146
2022,03,29,NMIXX,TANK,168146
2022,03,29,NMIXX,TANK,168146
2022,03,29,NMIXX,TANK,168146
2022,03,29,NMIXX,TANK,168146
2022,03,29,NMIXX,TANK,158859
2022,03,29,NMIXX,TANK,163140
2022,03,29,NMIXX,TANK,5278
2022,03,29,NMIXX,TANK,168146
2022,03,29,NMIXX,TANK,168146
2022,03,29,NMIXX,TANK,168146
2022,03,29,NMIXX,TANK,168146
2022,03,29,NMIXX,TANK,168146
2022,03,29,NMIXX,TANK,168146
2022,03,29,NMIXX,TANK,168146
2022,03,29,NMIXX,TANK,168146
2022,03,29,NMIXX,TANK,168146
2022,03,29,NMIXX,TANK,168146
2022,03,29,NMIXX,TANK,168146
2022,03,29,NMIXX,TANK,168146
2022,03,29,NMIXX,TANK,168146
2022,03,29,NMIXX,TANK,135654
2022,03,29,NMIXX,TANK,32755
2022,03,29,NMIXX,TANK,168146
2022,03,29,NMIXX,TANK,168146
2022,03,29,NMIXX,TANK,168146
2022,03,29,NMIXX,TANK,168146
2022,03,29,NMIXX,TANK,168146
2022,03,29,NMIXX,TANK,168146
2022,03,29,NMIXX,TANK,168146
2022,03,29,NMIXX,TANK,168146
2022,03,29,NMIXX,TANK,168146
2022,03,29,NMIXX,TANK,168146
2022,03,29,NMIXX,TANK,168146
2022,03,29,NMIXX,TANK,168146
2022,03,29,NMIXX,TANK,168146
2022,03,29,NMIXX,TANK,61037
2022,03,29,NMIXX,TANK,107175
2022,03,29,NMIXX,TANK,168146
2022,03,29,NMIXX,TANK,168146
2022,03,29,NMIXX,TANK,168146
2022,03,29,NMIXX,TANK,168146
2022,03,29,NMIXX,TANK,168146
2022,03,29,NMIXX,TANK,168146
2022,03,29,NMIXX,TANK,168146
2022,03,29,NMIXX,TANK,168146
2022,03,29,NMIXX,TANK,168146
2022,03,29,NMIXX,TANK,168146
2022,03,29,NMIXX,TANK,168146
2022,03,29,NMIXX,TANK,168146
2022,03,29,NMIXX,TANK,168146
2022,03,29,NMIXX,TANK,168146
2022,03,29,NMIXX,TANK,168146
2022,03,29,NMIXX,TANK,168146
2022,03,29,NMIXX,TANK,168146
2022,03,29,NMIXX,TANK,168146
2022,03,29,NMIXX,TANK,168146
2022,03,29,NMIXX,TANK,168146
2022,03,29,NMIXX,TANK,168146
2022,03,29,NMIXX,TANK,168146
2022,03,29,NMIXX,TANK,168146
2022,03,29,NMIXX,TANK,168146
2022,03,29,NMIXX,TANK,168146
2022,03,29,NMIXX,TANK,116478
2022,03,29,Stray Kids,MANIAC,182757
2022,03,29,Stray Kids,MANIAC,182757
2022,03,29,Stray Kids,MANIAC,122757
2022,03,29,TREASURE,JIKJIN,184117
2022,03,29,TREASURE,JIKJIN,145065
2022,03,30,TREASURE,JIKJIN,39184
2022,03,30,TREASURE,JIKJIN,184117
2022,03,30,TREASURE,JIKJIN,184117
2022,03,30,TREASURE,JIKJIN,184117
2022,03,30,TREASURE,JIKJIN,184117
2022,03,30,TREASURE,JIKJIN,184117
2022,03,30,TREASURE,JIKJIN,184117
2022,03,30,TREASURE,JIKJIN,184117
2022,03,30,TREASURE,JIKJIN,184117
2022,03,30,TREASURE,JIKJIN,184117
2022,03,30,TREASURE,JIKJIN,90689
2022,03,30,TREASURE,JIKJIN,159994
2022,03,30,TREASURE,JIKJIN,184117
2022,03,30,TREASURE,JIKJIN,184117
2022,03,30,TREASURE,JIKJIN,184117
2022,03,30,TREASURE,JIKJIN,184117
2022,03,30,TREASURE,JIKJIN,184117
2022,03,30,TREASURE,JIKJIN,184117
2022,03,30,TREASURE,JIKJIN,184117
2022,03,30,TREASURE,JIKJIN,184117
2022,03,30,TREASURE,JIKJIN,184117
2022,03,30,TREASURE,JIKJIN,184117
2022,03,30,TREASURE,JIKJIN,184117
2022,03,30,TREASURE,JIKJIN,184117
2022,03,30,TREASURE,JIKJIN,184117
2022,03,30,TREASURE,JIKJIN,184117
2022,03,30,TREASURE,JIKJIN,184117
2022,03,30,TREASURE,JIKJIN,184117
2022,03,30,TREASURE,JIKJIN,184117
2022,03,30,TREASURE,JIKJIN,184117
2022,03,30,TREASURE,JIKJIN,184117
2022,03,30,TREASURE,JIKJIN,184117
2022,03,30,TREASURE,JIKJIN,184117
2022,03,30,TREASURE,JIKJIN,184117
2022,03,30,TREASURE,JIKJIN,184117
2022,03,30,TREASURE,JIKJIN,184117
2022,03,30,TREASURE,JIKJIN,184117
2022,03,30,TREASURE,JIKJIN,184117
2022,03,30,TREASURE,JIKJIN,184117
2022,03,30,TREASURE,JIKJIN,184117
2022,03,30,TREASURE,JIKJIN,184117
2022,03,30,TREASURE,JIKJIN,184117
2022,03,30,TREASURE,JIKJIN,184117
2022,03,30,TREASURE,JIKJIN,184117
2022,03,30,TREASURE,JIKJIN,184117
2022,03,30,TREASURE,JIKJIN,184117
2022,03,30,TREASURE,JIKJIN,184117
2022,03,30,TREASURE,JIKJIN,184117
2022,03,30,TREASURE,JIKJIN,184117
2022,03,30,TREASURE,JIKJIN,184117
2022,03,30,TREASURE,JIKJIN,184117
2022,03,30,TREASURE,JIKJIN,184117
2022,03,30,TREASURE,JIKJIN,184117
2022,03,30,TREASURE,JIKJIN,184117
2022,03,30,TREASURE,JIKJIN,184117
2022,03,30,TREASURE,JIKJIN,181599
2022,03,30,TAEYONG,ZOO,0
2022,03,30,TAEYONG,ZOO,0
2022,03,30,TAEYONG,ZOO,0
2022,03,30,TREASURE,JIKJIN,184117
2022,03,30,TREASURE,JIKJIN,184117
2022,03,30,TREASURE,JIKJIN,184117
2022,03,30,TREASURE,JIKJIN,184117
2022,03,30,TREASURE,JIKJIN,184117
2022,03,30,TREASURE,JIKJIN,184117
2022,03,30,TREASURE,JIKJIN,184117
2022,03,30,TREASURE,JIKJIN,184117
2022,03,30,TREASURE,JIKJIN,184117
2022,03,30,TREASURE,JIKJIN,184117
2022,03,30,TREASURE,JIKJIN,47741
2022,03,30,TREASURE,JIKJIN,136626
2022,03,30,TREASURE,JIKJIN,184117
2022,03,30,TREASURE,JIKJIN,184117
2022,03,30,TREASURE,JIKJIN,184117
2022,03,30,TREASURE,JIKJIN,184117
2022,03,30,TREASURE,JIKJIN,184117
2022,03,30,TREASURE,JIKJIN,35504
2022,03,30,TREASURE,JIKJIN,148633
2022,03,30,TREASURE,JIKJIN,167026
2022,03,30,TREASURE,JIKJIN,17342
2022,03,30,TREASURE,JIKJIN,184117
2022,03,30,TREASURE,JIKJIN,184117
2022,03,30,TREASURE,JIKJIN,57025
2022,03,30,TREASURE,JIKJIN,184117
2022,03,30,TREASURE,JIKJIN,184117
2022,03,30,TREASURE,JIKJIN,184117
2022,03,30,TREASURE,JIKJIN,184117
2022,03,30,TREASURE,JIKJIN,184117
2022,03,30,TREASURE,JIKJIN,184117
2022,03,30,TREASURE,JIKJIN,184117
2022,03,30,TREASURE,JIKJIN,184117
2022,03,30,TREASURE,JIKJIN,184117
2022,03,30,TREASURE,JIKJIN,184117
2022,03,30,TREASURE,JIKJIN,184117
2022,03,30,TREASURE,JIKJIN,184117
2022,03,30,TREASURE,JIKJIN,184117
2022,03,30,TREASURE,JIKJIN,184117
2022,03,30,TREASURE,JIKJIN,184117
2022,03,30,TREASURE,JIKJIN,184117
2022,03,30,TREASURE,JIKJIN,184117
2022,03,30,TREASURE,JIKJIN,184117
2022,03,30,TREASURE,JIKJIN,184117
2022,03,30,TREASURE,JIKJIN,184117
2022,03,30,TREASURE,JIKJIN,184117
2022,03,30,TREASURE,JIKJIN,184117
2022,03,30,TREASURE,JIKJIN,184117
2022,03,30,TREASURE,JIKJIN,184117
2022,03,30,TREASURE,JIKJIN,184117
2022,03,30,TREASURE,JIKJIN,184117
2022,03,30,TREASURE,JIKJIN,184117
2022,03,30,TREASURE,JIKJIN,184117
2022,03,30,TREASURE,JIKJIN,184117
2022,03,30,TREASURE,JIKJIN,184117
2022,03,30,TREASURE,JIKJIN,180920
2022,03,31,TREASURE,JIKJIN,3207
2022,03,31,TREASURE,JIKJIN,184117
2022,03,31,NMIXX,TANK,168146
2022,03,31,NCT DREAM,Glitch Mode,207053
2022,03,31,TREASURE,JIKJIN,184117
2022,03,31,TREASURE,JIKJIN,184117
2022,03,31,TREASURE,JIKJIN,184117
2022,03,31,TREASURE,JIKJIN,77230
2022,03,31,NMIXX,TANK,23
2022,03,31,TREASURE,JIKJIN,35788
2022,03,31,TREASURE,JIKJIN,1123
2022,03,31,NCT DREAM,Quiet Down,801
2022,03,31,NCT DREAM,Quiet Down,23
2022,03,31,Dreamcatcher,Scream,705
2022,03,31,TRI.BE,LOBO,1507
2022,03,31,TOMORROW X TOGETHER,Magic,110685
2022,03,31,TRI.BE,LOBO,119389
2022,03,31,LOONA,Why Not?,205520
2022,03,31,LOONA,Why Not?,322971
2022,03,31,aespa,Savage,125867
2022,03,31,Suzi Wu,Eat Them Apples,2163
2022,03,31,NCT 127,Superhuman,512834
2022,03,31,KANG DANIEL,Waves (feat. Simon Dominic & Jamie),43358
2022,03,31,TWICE,BRING IT BACK,438
2022,03,31,ATEEZ,All About You,2090
2022,03,31,THE BOYZ,MAVERICK,1810
2022,03,31,Katy Perry,Swish Swish,0
2022,03,31,Adele,Someone Like You,23
2022,03,31,Monsta X,MIDDLE OF THE NIGHT,23
2022,03,31,Monsta X,MIDDLE OF THE NIGHT,1160
2022,03,31,SUNMI,TAIL,23
2022,03,31,SUNMI,TAIL,544
2022,03,31,H1-KEY,ATHLETIC GIRL,23
2022,03,31,NiziU,FESTA,621
2022,03,31,EPEX,Lock Down,563
2022,03,31,ATEEZ,Desire,1323
2022,03,31,Leslie Odom Jr.,Non-Stop,387
2022,03,31,ATEEZ,The Real - Heung Version,472
2022,03,31,woo!ah!,Purple,74545
2022,03,31,Golden Child,Round N Round,23
2022,03,31,ATEEZ,WIN,678
2022,03,31,LISA,MONEY,850
2022,03,31,TOMORROW X TOGETHER,0X1=LOVESONG (I Know I Love You) feat. Seori,0
2022,03,31,Cherry Bullet,Love So Sweet,23
2022,03,31,SUNMI,TAIL,336
2022,03,31,Zedd,Stay,23
2022,03,31,ITZY,Not Shy - Inst.,296
2022,03,31,ATEEZ,Desire,23
2022,03,31,Cherry Bullet,Love So Sweet,98568
2022,03,31,AleXa,KITTY RUN,23
2022,03,31,Zedd,Stay,0
2022,03,31,Coldplay,Viva La Vida,566
2022,03,31,Suzi Wu,Eat Them Apples,783
2022,03,31,fromis_9,Weather,228
2022,03,31,ITZY,Not Shy,0
2022,03,31,ATEEZ,Promise,23
2022,03,31,cignature,Boyfriend,550
2022,03,31,(G)I-DLE,Oh my god,23
2022,03,31,TOMORROW X TOGETHER,CROWN,464
2022,03,31,MOMOLAND,Wrap Me In Plastic,110494
2022,03,31,MAMAMOO,gogobebe,900
2022,03,31,CHUNG HA,Dream of You (with R3HAB),785
2022,03,31,STAYC,ASAP,23
2022,03,31,EVERGLOW,FIRST,1860
2022,03,31,TOMORROW X TOGETHER,CROWN,772
2022,03,31,Dreamcatcher,BOCA,1046
2022,03,31,CHUNG HA,Bicycle,1903
2022,03,31,ITZY,WANNABE,1266
2022,03,31,TRI.BE,RUB-A-DUM,1956
2022,03,31,MAMAMOO,gogobebe,136425
2022,03,31,LISA,MONEY,23
2022,03,31,BLACKPINK,Pretty Savage,723
2022,03,31,NiziU,Super Summer,0
2022,03,31,NiziU,Super Summer,0
2022,03,31,NCT DREAM,Glitch Mode,73140
2022,03,31,NCT DREAM,Glitch Mode,171269
2022,03,31,NCT DREAM,Glitch Mode,207053
2022,03,31,NCT DREAM,Glitch Mode,207053
2022,03,31,NCT DREAM,Glitch Mode,207053
2022,03,31,NCT DREAM,Glitch Mode,112606
2022,03,31,ATEEZ,If Without You,0
2022,03,31,NCT DREAM,Glitch Mode,103078
2022,03,31,NCT DREAM,Glitch Mode,207053
2022,03,31,NCT DREAM,Glitch Mode,15108
2022,03,31,NCT DREAM,Glitch Mode,191869
2022,03,31,NCT DREAM,Glitch Mode,207053
2022,03,31,NCT DREAM,Glitch Mode,207053
2022,03,31,NCT DREAM,Glitch Mode,207053
2022,03,31,NCT DREAM,Glitch Mode,207053
2022,03,31,NCT DREAM,Glitch Mode,207053
2022,03,31,NCT DREAM,Glitch Mode,207053
2022,03,31,NCT DREAM,Glitch Mode,207053
2022,03,31,NCT DREAM,Glitch Mode,207053
2022,03,31,NCT DREAM,Glitch Mode,207053
2022,03,31,NCT DREAM,Glitch Mode,207053
2022,03,31,NCT DREAM,Glitch Mode,207053
2022,03,31,NCT DREAM,Glitch Mode,207053
2022,03,31,NCT DREAM,Glitch Mode,207053
2022,03,31,NCT DREAM,Glitch Mode,207053
2022,03,31,NCT DREAM,Glitch Mode,207053
2022,03,31,NCT DREAM,Glitch Mode,10014
2022,03,31,NCT DREAM,Glitch Mode,207053
2022,03,31,Vaundy,踊り子,230109
2022,03,31,Vaundy,踊り子,230109
2022,03,31,Vaundy,踊り子,230109
2022,03,31,Vaundy,踊り子,230109
2022,03,31,Vaundy,踊り子,230109
2022,03,31,Vaundy,踊り子,230109
2022,03,31,Vaundy,踊り子,230109
2022,03,31,Vaundy,踊り子,230109
2022,03,31,Vaundy,踊り子,230109
2022,03,31,Vaundy,踊り子,110234
2022,03,31,Vaundy,踊り子,120189
2022,03,31,Vaundy,踊り子,19470
2022,03,31,Vaundy,踊り子,210968
2022,03,31,Vaundy,踊り子,230109
2022,03,31,Vaundy,踊り子,230109
2022,03,31,Vaundy,踊り子,230109
2022,03,31,Vaundy,踊り子,230109
2022,03,31,Vaundy,踊り子,230109
2022,03,31,Vaundy,踊り子,84170
2022,04,01,Vaundy,踊り子,24933
2022,04,01,SEVENTEEN,Shhh,12014
2022,04,01,NCT DREAM,Glitch Mode,207053
2022,04,01,NCT DREAM,Glitch Mode,207053
2022,04,01,NCT DREAM,Glitch Mode,207053
2022,04,01,NCT DREAM,Glitch Mode,207053
2022,04,01,NCT DREAM,Glitch Mode,207053
2022,04,01,NCT DREAM,Glitch Mode,207053
2022,04,01,NCT DREAM,Glitch Mode,207053
2022,04,01,NCT DREAM,Glitch Mode,207053
2022,04,01,NCT DREAM,Glitch Mode,207053
2022,04,01,NCT DREAM,Glitch Mode,90000
2022,04,01,NCT DREAM,Glitch Mode,205597
2022,04,01,NCT DREAM,Glitch Mode,207053
2022,04,01,NCT DREAM,Glitch Mode,207053
2022,04,01,NCT DREAM,Glitch Mode,207053
2022,04,01,NCT DREAM,Glitch Mode,207053
2022,04,01,NCT DREAM,Glitch Mode,207053
2022,04,01,NCT DREAM,Glitch Mode,207053
2022,04,01,NCT DREAM,Glitch Mode,207053
2022,04,01,NCT DREAM,Glitch Mode,207053
2022,04,01,NCT DREAM,Glitch Mode,207053
2022,04,01,NCT DREAM,Glitch Mode,207053
2022,04,01,NCT DREAM,Glitch Mode,207053
2022,04,01,NCT DREAM,Glitch Mode,207053
2022,04,01,NCT DREAM,Glitch Mode,207053
2022,04,01,NCT DREAM,Glitch Mode,207053
2022,04,01,NCT DREAM,Glitch Mode,207053
2022,04,01,NCT DREAM,Glitch Mode,207053
2022,04,01,NCT DREAM,Glitch Mode,207053
2022,04,01,NCT DREAM,Glitch Mode,207053
2022,04,01,NCT DREAM,Glitch Mode,207053
2022,04,01,NCT DREAM,Glitch Mode,207053
2022,04,01,NCT DREAM,Glitch Mode,207053
2022,04,01,NCT DREAM,Glitch Mode,207053
2022,04,01,NCT DREAM,Glitch Mode,207053
2022,04,01,NCT DREAM,Glitch Mode,207053
2022,04,01,NCT DREAM,Glitch Mode,207053
2022,04,01,NCT DREAM,Glitch Mode,207053
2022,04,01,NCT DREAM,Glitch Mode,207053
2022,04,01,NCT DREAM,Glitch Mode,207053
2022,04,01,NCT DREAM,Glitch Mode,207053
2022,04,01,NCT DREAM,Glitch Mode,207053
2022,04,01,NCT DREAM,Glitch Mode,63082
2022,04,01,ATEEZ,If Without You,0
2022,04,01,NCT DREAM,Glitch Mode,207053
2022,04,01,NCT DREAM,Glitch Mode,207053
2022,04,01,NCT DREAM,Glitch Mode,207053
2022,04,01,NCT DREAM,Glitch Mode,207053
2022,04,01,NCT DREAM,Glitch Mode,207053
2022,04,01,NCT DREAM,Glitch Mode,207053
2022,04,01,NCT DREAM,Glitch Mode,207053
2022,04,01,NCT DREAM,Glitch Mode,207053
2022,04,01,NCT DREAM,Glitch Mode,207053
2022,04,01,NCT DREAM,Glitch Mode,207053
2022,04,01,NCT DREAM,Glitch Mode,207053
2022,04,01,NCT DREAM,Glitch Mode,207053
2022,04,01,NCT DREAM,Glitch Mode,207053
2022,04,01,NCT DREAM,Glitch Mode,207053
2022,04,01,NCT DREAM,Glitch Mode,207053
2022,04,01,NCT DREAM,Glitch Mode,207053
2022,04,01,NCT DREAM,Glitch Mode,207053
2022,04,01,NCT DREAM,Glitch Mode,207053
2022,04,01,NCT DREAM,Glitch Mode,207053
2022,04,01,NCT DREAM,Glitch Mode,207053
2022,04,01,NCT DREAM,Glitch Mode,207053
2022,04,01,NCT DREAM,Glitch Mode,12140
2022,04,01,NCT DREAM,Glitch Mode,195253
2022,04,01,NCT DREAM,Glitch Mode,8948
2022,04,01,TREASURE,JIKJIN,184117
2022,04,01,TREASURE,JIKJIN,184117
2022,04,01,TREASURE,JIKJIN,184117
2022,04,01,TREASURE,JIKJIN,184117
2022,04,01,TREASURE,JIKJIN,184117
2022,04,01,TREASURE,JIKJIN,184117
2022,04,01,TREASURE,JIKJIN,184117
2022,04,01,TREASURE,JIKJIN,184117
2022,04,01,TREASURE,JIKJIN,54877
2022,04,01,TREASURE,JIKJIN,129330
2022,04,01,TREASURE,JIKJIN,88629
2022,04,01,TREASURE,JIKJIN,95679
2022,04,01,TREASURE,JIKJIN,38439
2022,04,01,NCT 127,Superhuman,201744
2022,04,01,NCT 127,Superhuman,87481
2022,04,02,NCT 127,Superhuman,159056
2022,04,02,Yu-Peng Chen,Genshin Impact Main Theme,3902
2022,04,02,Yu-Peng Chen,Dawn Winery Theme,2899
2022,04,02,Yu-Peng Chen,A Sweet Smile,17893
2022,04,02,Miloh,A Sweet Smile Groove,162297
2022,04,02,Miloh,A Sweet Smile Groove,17971
2022,04,02,NiziU,Super Summer,0
2022,04,02,NiziU,Super Summer,0
2022,04,02,NiziU,Super Summer,0
2022,04,02,NiziU,Super Summer,0
2022,04,02,TREASURE,JIKJIN,13760
2022,04,02,Falling In Reverse,Drugs,231920
2022,04,02,Falling In Reverse,Drugs,231920
2022,04,02,Falling In Reverse,Drugs,231920
2022,04,02,Falling In Reverse,Drugs,231920
2022,04,02,Falling In Reverse,Drugs,231920
2022,04,02,Falling In Reverse,Drugs,231920
2022,04,02,Falling In Reverse,Drugs,231920
2022,04,02,Falling In Reverse,Drugs,231920
2022,04,02,Falling In Reverse,Drugs,360048
2022,04,02,Falling In Reverse,Drugs,2698
2022,04,02,Falling In Reverse,Fashionably Late,3240
2022,04,02,Falling In Reverse,Sexy Drug,1934
2022,04,02,Falling In Reverse,Popular Monster,220537
2022,04,02,Falling In Reverse,ZOMBIFIED,5142
2022,04,02,Falling In Reverse,Drugs,95661
2022,04,02,Indila,Ainsi bas la vida,214760
2022,04,02,Indila,Ainsi bas la vida,31893
2022,04,02,G-Eazy,Me, Myself & I,251466
2022,04,02,Martin Garrix,In the Name of Love,1741
2022,04,02,Ariana Grande,positions,758
2022,04,02,The Weeknd,Save Your Tears (Remix) (with Ariana Grande) - Bonus Track,163572
2022,04,02,The Weeknd,Save Your Tears (Remix) (with Ariana Grande) - Bonus Track,146938
2022,04,02,Apink,Dilemma,115802
2022,04,02,Falling In Reverse,Drugs,231920
2022,04,02,Falling In Reverse,Drugs,231920
2022,04,02,Falling In Reverse,Drugs,231920
2022,04,02,Falling In Reverse,Drugs,231920
2022,04,02,Falling In Reverse,Drugs,231920
2022,04,02,Falling In Reverse,Drugs,231920
2022,04,02,Falling In Reverse,Drugs,231920
2022,04,02,Falling In Reverse,Drugs,231920
2022,04,02,Falling In Reverse,Drugs,231920
2022,04,02,Falling In Reverse,Drugs,231920
2022,04,02,Falling In Reverse,Drugs,231920
2022,04,02,Falling In Reverse,Drugs,231920
2022,04,02,Falling In Reverse,Drugs,231920
2022,04,02,Falling In Reverse,Drugs,231920
2022,04,02,Falling In Reverse,Drugs,231920
2022,04,02,Falling In Reverse,Drugs,231920
2022,04,02,Falling In Reverse,Drugs,231920
2022,04,02,Falling In Reverse,Drugs,152480
2022,04,02,Falling In Reverse,Drugs,79724
2022,04,02,Falling In Reverse,Drugs,81934
2022,04,03,Miloh,A Sweet Smile Groove,126724
2022,04,03,Miloh,A Sweet Smile Groove,126724
2022,04,03,Miloh,A Sweet Smile Groove,126724
2022,04,03,Miloh,A Sweet Smile Groove,126724
2022,04,03,Miloh,A Sweet Smile Groove,24076
2022,04,03,Miloh,A Sweet Smile Groove,126724
2022,04,03,Peng Lexer,Genshin Impact - Lofi Remix,30298
2022,04,03,Miloh,A Sweet Smile Groove,30287
2022,04,03,Lofi Lia,A Sweet Smile (From "Genshin Impact"),27877
2022,04,03,Lofi Lia,Rapid as Wildfires (From "Genshin Impact"),9766
2022,04,03,Miloh,A Sweet Smile Groove,124963
2022,04,03,Miloh,A Sweet Smile Groove,1906
2022,04,03,Miloh,A Sweet Smile Groove,126724
2022,04,03,Miloh,A Sweet Smile Groove,126724
2022,04,03,Miloh,A Sweet Smile Groove,147862
2022,04,03,Miloh,A Sweet Smile Groove,126724
2022,04,03,Miloh,A Sweet Smile Groove,126724
2022,04,03,Miloh,A Sweet Smile Groove,126724
2022,04,03,Miloh,A Sweet Smile Groove,126724
2022,04,03,Miloh,A Sweet Smile Groove,126724
2022,04,03,Miloh,A Sweet Smile Groove,126724
2022,04,03,Miloh,A Sweet Smile Groove,126724
2022,04,03,Miloh,A Sweet Smile Groove,126724
2022,04,03,Miloh,A Sweet Smile Groove,126724
2022,04,03,Miloh,A Sweet Smile Groove,126724
2022,04,03,Miloh,A Sweet Smile Groove,126724
2022,04,03,Miloh,A Sweet Smile Groove,126724
2022,04,03,Miloh,A Sweet Smile Groove,126724
2022,04,03,Miloh,A Sweet Smile Groove,126724
2022,04,03,Miloh,A Sweet Smile Groove,126724
2022,04,03,Miloh,A Sweet Smile Groove,126724
2022,04,03,Miloh,A Sweet Smile Groove,126724
2022,04,03,Miloh,A Sweet Smile Groove,126724
2022,04,03,Miloh,A Sweet Smile Groove,126724
2022,04,03,Miloh,A Sweet Smile Groove,126724
2022,04,03,Miloh,A Sweet Smile Groove,126724
2022,04,03,Miloh,A Sweet Smile Groove,126724
2022,04,03,Miloh,A Sweet Smile Groove,126724
2022,04,03,Miloh,A Sweet Smile Groove,126724
2022,04,03,Miloh,A Sweet Smile Groove,126724
2022,04,03,Miloh,A Sweet Smile Groove,126724
2022,04,03,Miloh,A Sweet Smile Groove,126724
2022,04,03,Miloh,A Sweet Smile Groove,126724
2022,04,03,Miloh,A Sweet Smile Groove,126724
2022,04,03,Miloh,A Sweet Smile Groove,49068
2022,04,03,Miloh,A Sweet Smile Groove,803
2022,04,03,ATEEZ,If Without You,0
2022,04,03,ATEEZ,If Without You,0
2022,04,03,ATEEZ,If Without You,0
2022,04,03,ATEEZ,If Without You,0
2022,04,03,NiziU,Super Summer,0
2022,04,03,NiziU,Super Summer,0
2022,04,03,Demi Lovato,Cool for the Summer,33172
2022,04,03,NiziU,Super Summer,0
2022,04,03,Demi Lovato,Cool for the Summer,2992
2022,04,03,Demi Lovato,Cool for the Summer - Sped Up (Nightcore),17200
2022,04,03,Demi Lovato,Cool for the Summer - Sped Up (Nightcore),179385
2022,04,03,Demi Lovato,Cool for the Summer,212573
2022,04,03,Demi Lovato,Cool for the Summer - Sped Up (Nightcore),191912
2022,04,03,Demi Lovato,Cool for the Summer,212573
2022,04,03,Demi Lovato,Cool for the Summer - Sped Up (Nightcore),191912
2022,04,03,Demi Lovato,Cool for the Summer,212573
2022,04,03,Demi Lovato,Cool for the Summer - Sped Up (Nightcore),191912
2022,04,03,Demi Lovato,Cool for the Summer,212573
2022,04,03,Demi Lovato,Cool for the Summer - Sped Up (Nightcore),191912
2022,04,03,Demi Lovato,Cool for the Summer,212573
2022,04,03,Miloh,A Sweet Smile Groove,4025
2022,04,03,Demi Lovato,Cool for the Summer - Sped Up (Nightcore),127651
2022,04,03,Falling In Reverse,Drugs,231920
2022,04,03,Falling In Reverse,Drugs,231920
2022,04,03,Falling In Reverse,Drugs,231920
2022,04,03,Falling In Reverse,Drugs,231920
2022,04,03,Falling In Reverse,Drugs,231920
2022,04,03,Falling In Reverse,Drugs,231920
2022,04,03,Falling In Reverse,Drugs,231920
2022,04,03,Falling In Reverse,Drugs,231920
2022,04,03,Falling In Reverse,Drugs,231920
2022,04,03,Falling In Reverse,Drugs,231920
2022,04,03,Falling In Reverse,Drugs,231920
2022,04,03,Falling In Reverse,Drugs,231920
2022,04,03,Falling In Reverse,Drugs,231920
2022,04,03,Falling In Reverse,Drugs,231920
2022,04,03,Falling In Reverse,Drugs,231920
2022,04,03,Falling In Reverse,Drugs,231920
2022,04,03,Falling In Reverse,Drugs,231920
2022,04,03,Falling In Reverse,Drugs,231920
2022,04,03,Falling In Reverse,Drugs,231920
2022,04,03,Falling In Reverse,Drugs,231920
2022,04,03,Falling In Reverse,Drugs,231920
2022,04,03,Falling In Reverse,Drugs,231920
2022,04,03,Falling In Reverse,Drugs,231920
2022,04,03,Falling In Reverse,Drugs,231920
2022,04,03,Falling In Reverse,Drugs,231920
2022,04,03,Falling In Reverse,Drugs,231920
2022,04,03,Falling In Reverse,Drugs,231920
2022,04,03,Falling In Reverse,Drugs,231920
2022,04,03,Falling In Reverse,Drugs,77100
2022,04,03,Falling In Reverse,Drugs,154953
2022,04,03,Falling In Reverse,Drugs,231920
2022,04,03,Falling In Reverse,Drugs,155766
2022,04,03,Falling In Reverse,Drugs,4775
2022,04,03,Miloh,A Sweet Smile Groove,126724
2022,04,03,Miloh,A Sweet Smile Groove,126724
2022,04,03,Miloh,A Sweet Smile Groove,126724
2022,04,03,Miloh,A Sweet Smile Groove,126724
2022,04,03,Miloh,A Sweet Smile Groove,126724
2022,04,03,Miloh,A Sweet Smile Groove,126724
2022,04,03,Miloh,A Sweet Smile Groove,114312
2022,04,03,NCT DREAM,Glitch Mode,207053
2022,04,03,NCT DREAM,Glitch Mode,207053
2022,04,03,NCT DREAM,Glitch Mode,207053
2022,04,03,NCT DREAM,Glitch Mode,207053
2022,04,03,NCT DREAM,Glitch Mode,144626
2022,04,03,NCT DREAM,Glitch Mode,62617
2022,04,03,NCT DREAM,Glitch Mode,207053
2022,04,03,NCT DREAM,Glitch Mode,207053
2022,04,03,NCT DREAM,Glitch Mode,207053
2022,04,03,NCT DREAM,Glitch Mode,207053
2022,04,03,NCT DREAM,Glitch Mode,204049
2022,04,04,aespa,Black Mamba,0
2022,04,04,Vaundy,踊り子,224882
2022,04,04,Vaundy,踊り子,230109
2022,04,04,Vaundy,踊り子,230109
2022,04,04,Vaundy,踊り子,70638
2022,04,04,Vaundy,踊り子,159588
2022,04,04,Vaundy,踊り子,230109
2022,04,04,Vaundy,踊り子,230109
2022,04,04,Vaundy,踊り子,173392
2022,04,04,Vaundy,踊り子,56930
2022,04,04,Vaundy,踊り子,230109
2022,04,04,Vaundy,踊り子,230109
2022,04,04,Vaundy,踊り子,230109
2022,04,04,Vaundy,踊り子,154680
2022,04,04,Vaundy,踊り子,75606
2022,04,04,Vaundy,踊り子,230109
2022,04,04,Vaundy,踊り子,230109
2022,04,04,Vaundy,踊り子,112034
2022,04,04,Vaundy,踊り子,118096
2022,04,04,Vaundy,踊り子,35731
2022,04,04,Vaundy,踊り子,230109
2022,04,04,Vaundy,踊り子,4720
2022,04,04,NMIXX,TANK,168146
2022,04,04,NMIXX,TANK,159985
2022,04,04,NMIXX,TANK,2245
2022,04,04,TREASURE,JIKJIN,184117
2022,04,04,NCT DREAM,Glitch Mode,207053
2022,04,04,Falling In Reverse,Drugs,55226
2022,04,05,Falling In Reverse,Drugs,176982
2022,04,05,Miloh,A Sweet Smile Groove,126724
2022,04,05,Miloh,A Sweet Smile Groove,126724
2022,04,05,Miloh,A Sweet Smile Groove,40708
2022,04,05,ATEEZ,If Without You,0
2022,04,05,ATEEZ,If Without You,0
2022,04,05,ATEEZ,If Without You,0
2022,04,05,TREASURE,JIKJIN,0
2022,04,05,TREASURE,JIKJIN,222
2022,04,05,Falling In Reverse,Drugs,1215
2022,04,05,Miloh,A Sweet Smile Groove,126724
2022,04,05,Miloh,A Sweet Smile Groove,126724
2022,04,05,Miloh,A Sweet Smile Groove,126724
2022,04,05,Miloh,A Sweet Smile Groove,126724
2022,04,05,Miloh,A Sweet Smile Groove,126724
2022,04,05,Miloh,A Sweet Smile Groove,126724
2022,04,05,Miloh,A Sweet Smile Groove,126724
2022,04,05,Miloh,A Sweet Smile Groove,126724
2022,04,05,Miloh,A Sweet Smile Groove,126724
2022,04,05,Miloh,A Sweet Smile Groove,126724
2022,04,05,Miloh,A Sweet Smile Groove,126724
2022,04,05,Miloh,A Sweet Smile Groove,126724
2022,04,05,Miloh,A Sweet Smile Groove,126724
2022,04,05,Miloh,A Sweet Smile Groove,384
2022,04,05,ONEUS,LUNA,1811
2022,04,05,ONEUS,LUNA,1371
2022,04,05,LOONA,Why Not?,1603
2022,04,05,Miloh,A Sweet Smile Groove,1742
2022,04,05,Miloh,A Sweet Smile Groove,1631
2022,04,05,Vaundy,踊り子,2222
2022,04,05,Vaundy,踊り子,1882
2022,04,05,Vaundy,踊り子,2803
2022,04,05,Falling In Reverse,Drugs,231920
2022,04,05,Falling In Reverse,Drugs,80020
2022,04,05,Falling In Reverse,Drugs,151960
2022,04,05,Falling In Reverse,Drugs,137200
2022,04,05,Falling In Reverse,Drugs,58680
2022,04,05,LOONA,Why Not?,205520
2022,04,05,LOONA,Why Not?,205520
2022,04,05,LOONA,Why Not?,205520
2022,04,05,TREASURE,JIKJIN,1201
2022,04,05,TREASURE,JIKJIN,184117
2022,04,05,TREASURE,JIKJIN,184117
2022,04,05,TREASURE,JIKJIN,184117
2022,04,05,TREASURE,JIKJIN,184117
2022,04,05,TREASURE,JIKJIN,184117
2022,04,05,TREASURE,JIKJIN,34430
2022,04,06,Miloh,A Sweet Smile Groove,126724
2022,04,06,Miloh,A Sweet Smile Groove,126724
2022,04,06,Miloh,A Sweet Smile Groove,126724
2022,04,06,Miloh,A Sweet Smile Groove,126724
2022,04,06,Miloh,A Sweet Smile Groove,126724
2022,04,06,Miloh,A Sweet Smile Groove,126724
2022,04,06,Miloh,A Sweet Smile Groove,126724
2022,04,06,Miloh,A Sweet Smile Groove,126724
2022,04,06,Miloh,A Sweet Smile Groove,126724
2022,04,06,Miloh,A Sweet Smile Groove,126724
2022,04,06,Miloh,A Sweet Smile Groove,126724
2022,04,06,Miloh,A Sweet Smile Groove,126724
2022,04,06,Miloh,A Sweet Smile Groove,126724
2022,04,06,Miloh,A Sweet Smile Groove,126724
2022,04,06,Miloh,A Sweet Smile Groove,126724
2022,04,06,Miloh,A Sweet Smile Groove,126724
2022,04,06,Miloh,A Sweet Smile Groove,126724
2022,04,06,Miloh,A Sweet Smile Groove,126724
2022,04,06,Miloh,A Sweet Smile Groove,126724
2022,04,06,Miloh,A Sweet Smile Groove,126724
2022,04,06,Miloh,A Sweet Smile Groove,126724
2022,04,06,Miloh,A Sweet Smile Groove,126724
2022,04,06,Miloh,A Sweet Smile Groove,126724
2022,04,06,Miloh,A Sweet Smile Groove,126724
2022,04,06,Miloh,A Sweet Smile Groove,126724
2022,04,06,Miloh,A Sweet Smile Groove,126724
2022,04,06,Miloh,A Sweet Smile Groove,126724
2022,04,06,Miloh,A Sweet Smile Groove,126724
2022,04,06,Miloh,A Sweet Smile Groove,126724
2022,04,06,Miloh,A Sweet Smile Groove,126724
2022,04,06,Miloh,A Sweet Smile Groove,126724
2022,04,06,Miloh,A Sweet Smile Groove,126724
2022,04,06,Miloh,A Sweet Smile Groove,126724
2022,04,06,Miloh,A Sweet Smile Groove,126724
2022,04,06,Miloh,A Sweet Smile Groove,126724
2022,04,06,Miloh,A Sweet Smile Groove,83085
2022,04,06,Jnr Choi,TO THE MOON,152137
2022,04,06,Jnr Choi,TO THE MOON,152137
2022,04,06,Jnr Choi,TO THE MOON,152137
2022,04,06,Jnr Choi,TO THE MOON,152137
2022,04,06,Jnr Choi,TO THE MOON,152137
2022,04,06,Jnr Choi,TO THE MOON,152137
2022,04,06,Jnr Choi,TO THE MOON,152137
2022,04,06,Jnr Choi,TO THE MOON,152137
2022,04,06,Jnr Choi,TO THE MOON,152137
2022,04,06,Jnr Choi,TO THE MOON,152137
2022,04,06,Jnr Choi,TO THE MOON,152137
2022,04,06,Jnr Choi,TO THE MOON,152137
2022,04,06,Jnr Choi,TO THE MOON,152137
2022,04,06,Jnr Choi,TO THE MOON,152137
2022,04,06,Jnr Choi,TO THE MOON,152137
2022,04,06,Jnr Choi,TO THE MOON,152137
2022,04,06,Jnr Choi,TO THE MOON,55517
2022,04,06,Jnr Choi,TO THE MOON - Gunna Remix,43040
2022,04,06,DJ Snake,Let Me Love You,205946
2022,04,06,SUPER JUNIOR,Mr. Simple,241826
2022,04,06,ATEEZ,Precious (Overture),102786
2022,04,06,BTS,Outro: Her,9511
2022,04,06,SuperM,Jopping,251293
2022,04,06,ATEEZ,Eternal Sunshine,209618
2022,04,06,MOMOLAND,BBoom BBoom,208863
2022,04,06,dj-Jo,Kyouran Hey Kids!! (feat. Zenpaku) [dj-Jo Remix],246760
2022,04,06,Dreamcatcher,Daybreak,10026
2022,04,06,fun.,We Are Young (feat. Janelle Monáe),250626
2022,04,06,BRADIO,Flyers,2980
2022,04,06,MAMAMOO,Taller than You,184362
2022,04,06,BTS,Dionysus,249215
2022,04,06,AmaLee,History Maker (From "Yuri!!! on ICE"),3738
2022,04,06,VICTON,What I Said,206386
2022,04,06,BTS,Run,236748
2022,04,06,Dardust,Birth - Acoustic Version,50565
2022,04,06,TWICE,CHEER UP,208853
2022,04,06,Neon Trees,Everybody Talks,177280
2022,04,06,Jackson Wang,Dawn of us,29278
2022,04,06,P!nk,Raise Your Glass,202960
2022,04,06,Gwen Stefani,The Sweet Escape,246466
2022,04,06,Gwen Stefani,The Sweet Escape,94193
2022,04,06,1THE9,Spotlight,165233
2022,04,06,FLZ,RESTA,38980
2022,04,06,Omar The Seraph,20 Energy,205800
2022,04,06,NCT 127,Superhuman,4460
2022,04,06,R.Tee,What You Waiting For,1520
2022,04,06,Bling Bling,Oh MAMA,0
2022,04,06,TRI.BE,LOBO,187093
2022,04,06,NCT DREAM,Hot Sauce,0
2022,04,06,NMIXX,TANK,0
2022,04,06,aespa,Savage,0
2022,04,06,NCT 127,Superhuman,0
2022,04,06,aespa,Black Mamba,0
2022,04,06,NiziU,Super Summer,0
2022,04,06,NiziU,Super Summer,0
2022,04,06,Jnr Choi,REALITY,9968
2022,04,06,GYEONG REE,BLUE MOON,1140
2022,04,06,R.Tee,What You Waiting For,23
2022,04,06,Jnr Choi,TO THE MOON,360
2022,04,06,Jnr Choi,TO THE MOON,152137
2022,04,06,Jnr Choi,TO THE MOON,152137
2022,04,06,Jnr Choi,TO THE MOON,31505
2022,04,06,Jnr Choi,TO THE MOON,25145
2022,04,06,Jnr Choi,TO THE MOON,152137
2022,04,06,Jnr Choi,TO THE MOON,152137
2022,04,06,Jnr Choi,TO THE MOON,45538
2022,04,06,Jnr Choi,TO THE MOON,32798
2022,04,06,Jnr Choi,TO THE MOON,66858
2022,04,06,Jnr Choi,TO THE MOON,152137
2022,04,06,Jnr Choi,TO THE MOON,152137
2022,04,06,Jnr Choi,TO THE MOON,152137
2022,04,06,Jnr Choi,TO THE MOON,152137
2022,04,06,Jnr Choi,TO THE MOON,152137
2022,04,06,Jnr Choi,TO THE MOON,152137
2022,04,06,Jnr Choi,TO THE MOON,152137
2022,04,06,Jnr Choi,TO THE MOON,152137
2022,04,06,Jnr Choi,TO THE MOON,152137
2022,04,06,Jnr Choi,TO THE MOON,83618
2022,04,06,Jnr Choi,TO THE MOON,152137
2022,04,06,Jnr Choi,TO THE MOON,152137
2022,04,06,Jnr Choi,TO THE MOON,152137
2022,04,06,Jnr Choi,TO THE MOON,152137
2022,04,06,Jnr Choi,TO THE MOON,152137
2022,04,06,Jnr Choi,TO THE MOON,152137
2022,04,06,Jnr Choi,TO THE MOON,152137
2022,04,06,Jnr Choi,TO THE MOON,152137
2022,04,06,Jnr Choi,TO THE MOON,152137
2022,04,06,Jnr Choi,TO THE MOON,152137
2022,04,06,Jnr Choi,TO THE MOON,79188
2022,04,06,Jnr Choi,TO THE MOON,73226
2022,04,06,Jnr Choi,TO THE MOON,37630
2022,04,06,Jnr Choi,TO THE MOON,88902
2022,04,06,Jnr Choi,TO THE MOON,43847
2022,04,06,Jnr Choi,TO THE MOON,148103
2022,04,06,Jnr Choi,TO THE MOON,4148
2022,04,06,Jnr Choi,TO THE MOON,41188
2022,04,06,Jnr Choi,TO THE MOON,37034
2022,04,06,Jnr Choi,TO THE MOON,12831
2022,04,06,Jnr Choi,TO THE MOON,37588
2022,04,06,Jnr Choi,TO THE MOON,40056
2022,04,06,Jnr Choi,TO THE MOON,86192
2022,04,06,Jnr Choi,TO THE MOON,116183
2022,04,06,Jnr Choi,TO THE MOON,36168
2022,04,06,Jnr Choi,TO THE MOON,152137
2022,04,06,Jnr Choi,TO THE MOON,56800
2022,04,06,Jnr Choi,TO THE MOON,152137
2022,04,06,Jnr Choi,TO THE MOON,12651
2022,04,06,Jnr Choi,TO THE MOON,12871
2022,04,06,Jnr Choi,TO THE MOON,152137
2022,04,06,Jnr Choi,TO THE MOON,152137
2022,04,06,Jnr Choi,TO THE MOON,152137
2022,04,06,Jnr Choi,TO THE MOON,152137
2022,04,06,Jnr Choi,TO THE MOON,152137
2022,04,06,Jnr Choi,TO THE MOON,152137
2022,04,06,Jnr Choi,TO THE MOON,152137
2022,04,06,Jnr Choi,TO THE MOON,152137
2022,04,06,Jnr Choi,TO THE MOON,152137
2022,04,06,Jnr Choi,TO THE MOON,152137
2022,04,06,Jnr Choi,TO THE MOON,152137
2022,04,06,Jnr Choi,TO THE MOON,152137
2022,04,06,Jnr Choi,TO THE MOON,152137
2022,04,06,Jnr Choi,TO THE MOON,152137
2022,04,06,Jnr Choi,TO THE MOON,152137
2022,04,06,Jnr Choi,TO THE MOON,152137
2022,04,06,Jnr Choi,TO THE MOON,152137
2022,04,06,Jnr Choi,TO THE MOON,152137
2022,04,06,Jnr Choi,TO THE MOON,152137
2022,04,06,Jnr Choi,TO THE MOON,152137
2022,04,06,Jnr Choi,TO THE MOON,152137
2022,04,06,Jnr Choi,TO THE MOON,152137
2022,04,06,Jnr Choi,TO THE MOON,152137
2022,04,06,Jnr Choi,TO THE MOON,152137
2022,04,06,Jnr Choi,TO THE MOON,152137
2022,04,06,Jnr Choi,TO THE MOON,152137
2022,04,06,Jnr Choi,TO THE MOON,152137
2022,04,06,Jnr Choi,TO THE MOON,152137
2022,04,06,Jnr Choi,TO THE MOON,152137
2022,04,06,Jnr Choi,TO THE MOON,152137
2022,04,06,Jnr Choi,TO THE MOON,152137
2022,04,06,Jnr Choi,TO THE MOON,152137
2022,04,06,Jnr Choi,TO THE MOON,152137
2022,04,06,Jnr Choi,TO THE MOON,152137
2022,04,06,Jnr Choi,TO THE MOON,152137
2022,04,06,Jnr Choi,TO THE MOON,152137
2022,04,06,Jnr Choi,TO THE MOON,152137
2022,04,06,Jnr Choi,TO THE MOON,152137
2022,04,06,Jnr Choi,TO THE MOON,152137
2022,04,06,Jnr Choi,TO THE MOON,152137
2022,04,06,Jnr Choi,TO THE MOON,152137
2022,04,06,Jnr Choi,TO THE MOON,152137
2022,04,06,Jnr Choi,TO THE MOON,152137
2022,04,06,Jnr Choi,TO THE MOON,152137
2022,04,06,Jnr Choi,TO THE MOON,152137
2022,04,06,Jnr Choi,TO THE MOON,148788
2022,04,06,R.Tee,What You Waiting For,174041
2022,04,06,R.Tee,What You Waiting For,174041
2022,04,06,R.Tee,What You Waiting For,83836
2022,04,06,R.Tee,What You Waiting For,90537
2022,04,06,R.Tee,What You Waiting For,42115
2022,04,06,NCT 127,Superhuman,64736
2022,04,06,NMIXX,TANK,174372
2022,04,06,TREASURE,JIKJIN,76672
2022,04,06,TREASURE,JIKJIN,184117
2022,04,06,TREASURE,JIKJIN,184117
2022,04,06,TREASURE,JIKJIN,19370
2022,04,06,Motherhacker,Introducing Motherhacker,93470
2022,04,06,Motherhacker,01. ROBOCALLS (Season 1),652518
2022,04,06,Motherhacker,02. LESS IS MORE (Season 1),545717
2022,04,06,Motherhacker,03. HOOKED (Season 1),860056
2022,04,07,Motherhacker,04. CHOKED (Season 1),602041
2022,04,07,Motherhacker,05. IN PERSON (Season 1),488278
2022,04,07,Motherhacker,06. IN SECURITY (Season 1),2700
2022,04,07,Motherhacker,06. IN SECURITY (Season 1),847485
2022,04,07,Motherhacker,07. NUMBERS (Season 1),443685
2022,04,07,Motherhacker,08. TURBULENCE (Season 1),433992
2022,04,07,Motherhacker,10. SCAMDEMIC (Season 2),19970
2022,04,07,Motherhacker,09. CANDY STORE (Season 1),614592
2022,04,07,Motherhacker,11. SONIA KOSCIUSZKO (Season 2),7592
2022,04,07,Motherhacker,10. SCAMDEMIC (Season 2),628344
2022,04,07,Motherhacker,11. SONIA KOSCIUSZKO (Season 2),808874
2022,04,07,Motherhacker,12. MERIDIAN X (Season 2),15230
2022,04,07,Motherhacker,12. MERIDIAN X (Season 2),636140
2022,04,07,Motherhacker,13. STRANDED AT THE DRIVE-IN (Season 2),6446
2022,04,07,Motherhacker,13. STRANDED AT THE DRIVE-IN (Season 2),708569
2022,04,07,Motherhacker,14. BLUNT ANGLED BOB (Season 2),6052
2022,04,07,Motherhacker,15. PPE (Season 2),15140
2022,04,07,Motherhacker,14. BLUNT ANGLED BOB (Season 2),592215
2022,04,07,Motherhacker,15. PPE (Season 2),534583
2022,04,07,Motherhacker,16. ROOM 447 (Season 2),15330
2022,04,07,Motherhacker,16. ROOM 447 (Season 2),649178
2022,04,07,NiziU,Super Summer,0
2022,04,07,NiziU,Chopstick,0
2022,04,07,R.Tee,What You Waiting For,174041
2022,04,07,R.Tee,What You Waiting For,174041
2022,04,07,R.Tee,What You Waiting For,174041
2022,04,07,R.Tee,What You Waiting For,174041
2022,04,07,R.Tee,What You Waiting For,174041
2022,04,07,R.Tee,What You Waiting For,25668
2022,04,07,Jnr Choi,TO THE MOON,64086
2022,04,07,Jnr Choi,TO THE MOON,64243
2022,04,07,Jnr Choi,TO THE MOON,89030
2022,04,07,Jnr Choi,TO THE MOON,152137
2022,04,07,Jnr Choi,TO THE MOON,152137
2022,04,07,Jnr Choi,TO THE MOON,33008
2022,04,07,Jnr Choi,TO THE MOON,17357
2022,04,07,Jnr Choi,TO THE MOON,93077
2022,04,07,Jnr Choi,TO THE MOON,17860
2022,04,07,Jnr Choi,TO THE MOON,90382
2022,04,07,Jnr Choi,TO THE MOON,55683
2022,04,07,Jnr Choi,TO THE MOON,101340
2022,04,07,Jnr Choi,TO THE MOON,18496
2022,04,07,Miloh,A Sweet Smile Groove,958
2022,04,07,Jnr Choi,TO THE MOON,91974
2022,04,07,Stray Kids,MANIAC,156624
2022,04,07,Stray Kids,MANIAC,45435
2022,04,07,Stray Kids,MANIAC,132323
2022,04,07,Stray Kids,MANIAC,187763
2022,04,07,Stray Kids,MANIAC,182757
2022,04,07,Stray Kids,MANIAC,182757
2022,04,07,Stray Kids,MANIAC,100627
2022,04,07,Stray Kids,FREEZE,88840
2022,04,07,Stray Kids,Mixtape : Gone Days,196839
2022,04,07,Stray Kids,Mixtape : Gone Days,196839
2022,04,07,Stray Kids,Mixtape : Gone Days,196839
2022,04,07,Stray Kids,Mixtape : Gone Days,196839
2022,04,07,Stray Kids,Mixtape : Gone Days,50383
2022,04,07,ATEEZ,Better - Korean Version,788
2022,04,07,ATEEZ,Deja Vu,0
2022,04,07,ATEEZ,Turbulence,290
2022,04,07,ATEEZ,Turbulence,3263
2022,04,07,ATEEZ,Promise - Notation from Senor Juwon Park,728
2022,04,07,ATEEZ,Promise - Notation from Senor Juwon Park,0
2022,04,07,ATEEZ,The Letter,23
2022,04,07,ATEEZ,The Letter,243
2022,04,07,ATEEZ,Be With You,374
2022,04,07,ATEEZ,Be With You,1375
2022,04,07,ATEEZ,Fireworks (I'm The One),396
2022,04,07,ATEEZ,WONDERLAND,432
2022,04,07,ATEEZ,Still Here - Korean Version,23
2022,04,07,ATEEZ,Still Here - Korean Version,696
2022,04,07,ATEEZ,The Real - Heung Version,364
2022,04,07,ATEEZ,The Real - Heung Version,1696
2022,04,07,ATEEZ,My Way,1765
2022,04,07,ATEEZ,Don't Stop,0
2022,04,07,ATEEZ,Answer,2166
2022,04,07,ATEEZ,Answer,589
2022,04,07,ATEEZ,Twilight - Classic BUDDY Mix,0
2022,04,07,ATEEZ,Deja Vu,0
2022,04,07,ATEEZ,Fireworks (I'm The One),23
2022,04,07,ATEEZ,WONDERLAND,23
2022,04,07,ATEEZ,My Way,723
2022,04,07,ATEEZ,Don't Stop,363
2022,04,07,ATEEZ,Answer,1695
2022,04,07,ATEEZ,My Way,840
2022,04,07,Dreamcatcher,Before & After - Intro,31837
2022,04,07,IVE,LOVE DIVE,15921
2022,04,07,IVE,LOVE DIVE,3402
2022,04,07,IVE,LOVE DIVE,177186
2022,04,07,IVE,Take It,204973
2022,04,07,IVE,ROYAL,206226
2022,04,07,IVE,ELEVEN,178453
2022,04,07,IVE,LOVE DIVE,177186
2022,04,07,IVE,Take It,63573
2022,04,07,Kep1er,MVSK,72075
2022,04,07,Kep1er,WA DA DA,183693
2022,04,07,Kep1er,WA DA DA,133906
2022,04,08,Kep1er,WA DA DA,17001
2022,04,08,PENOMECO,BOLO,171520
2022,04,08,Dreamcatcher,Intro,91826
2022,04,08,cignature,Boyfriend,198653
2022,04,08,TREASURE,JIKJIN,184117
2022,04,08,ATEEZ,Desire,234508
2022,04,08,ATEEZ,The Leaders,192217
2022,04,08,NMIXX,O.O,172936
2022,04,08,fromis_9,Weather,201800
2022,04,08,fromis_9,Weather,201800
2022,04,08,fromis_9,Weather,201800
2022,04,08,fromis_9,Weather,201800
2022,04,08,fromis_9,Weather,201800
2022,04,08,fromis_9,Weather,201800
2022,04,08,fromis_9,Weather,201800
2022,04,08,fromis_9,Weather,201800
2022,04,08,fromis_9,Weather,201800
2022,04,08,fromis_9,Weather,201800
2022,04,08,fromis_9,Weather,201800
2022,04,08,fromis_9,Weather,201800
2022,04,08,fromis_9,Weather,201800
2022,04,08,fromis_9,Weather,201800
2022,04,08,fromis_9,Weather,201800
2022,04,08,fromis_9,Weather,201800
2022,04,08,fromis_9,Weather,201800
2022,04,08,fromis_9,Weather,201800
2022,04,08,fromis_9,Weather,201800
2022,04,08,fromis_9,Weather,8549
2022,04,08,fromis_9,Weather,201800
2022,04,08,Dreamcatcher,Silent Night,198066
2022,04,08,Dreamcatcher,Silent Night,198066
2022,04,08,Dreamcatcher,Silent Night,198066
2022,04,08,Dreamcatcher,Silent Night,198066
2022,04,08,Dreamcatcher,Silent Night,198066
2022,04,08,Dreamcatcher,Silent Night,198066
2022,04,08,Dreamcatcher,Silent Night,198066
2022,04,08,Dreamcatcher,Silent Night,198066
2022,04,08,Dreamcatcher,Silent Night,196571
2022,04,08,NiziU,Super Summer,0
2022,04,08,NiziU,Chopstick,0
2022,04,08,ATEEZ,If Without You,0
2022,04,08,TURBO,검은 고양이 네로,39630
2022,04,08,ATEEZ,The Black Cat Nero,59560
2022,04,08,Motherhacker,17. THAT BEACH IN BAJA (Season 2),6840
2022,04,08,Motherhacker,17. THAT BEACH IN BAJA (Season 2),494577
2022,04,08,Motherhacker,18. VASHON ISLAND  (Season 2),15140
2022,04,08,Motherhacker,18. VASHON ISLAND  (Season 2),646832
2022,04,08,The Two Princes,S1 Ep1: Once Upon a Time,501070
2022,04,08,The Two Princes,Introducing: The Two Princes,103683
2022,04,08,What Fresh Hell Is This? With Stanzi Potenza,Welcome To The Show, Worsties!,100806
2022,04,08,What Fresh Hell Is This? With Stanzi Potenza,let's ease into it, maybe?,391536
2022,04,08,Sandra,Coming Soon,75250
2022,04,08,Sandra,1. Hope is a Mistake,376441
2022,04,08,Sandra,1. Hope is a Mistake,504759
2022,04,08,Monsta X,SHINE FOREVER,1278
2022,04,08,Jonathan Parecki,Shinzou wo Sasageyo! (From "Attack on Titan Season 2"),746
2022,04,08,Stray Kids,God’s Menu,167922
2022,04,08,HyunA,Red,76832
2022,04,08,SHINee,Atlantis,65897
2022,04,08,Omar The Seraph,20 Energy,5497
2022,04,08,Sia,The Greatest,42257
2022,04,08,ATEEZ,Answer,3963
2022,04,08,Golden Child,Without You,108480
2022,04,09,NCT 127,Punch,204000
2022,04,09,OneRepublic,Secrets,224680
2022,04,09,fromis_9,LOVE BOMB,177448
2022,04,09,fromis_9,LOVE BOMB,22599
2022,04,09,NiziU,Take a picture,9260
2022,04,09,NCT DREAM,Glitch Mode,6963
2022,04,09,NCT DREAM,Glitch Mode,206073
2022,04,09,Kep1er,WA DA DA,183693
2022,04,09,TREASURE,JIKJIN,184117
2022,04,09,Bling Bling,Oh MAMA,194533
2022,04,09,NCT DREAM,Hot Sauce,195813
2022,04,09,Miloh,A Sweet Smile Groove,126724
2022,04,09,ONEUS,LUNA,199893
2022,04,09,aespa,Savage,238143
2022,04,09,TWICE,LAST WALTZ,170560
2022,04,09,TRI.BE,LOBO,187093
2022,04,09,aespa,Black Mamba,174933
2022,04,09,LISA,MONEY,168227
2022,04,09,Golden Child,Round N Round,219240
2022,04,09,Vaundy,踊り子,230109
2022,04,09,cignature,ASSA,201573
2022,04,09,NCT 127,Lemonade,190066
2022,04,09,Bling Bling,LA LA LA,204173
2022,04,09,Dreamcatcher,Scream,204293
2022,04,09,TOMORROW X TOGETHER,Magic,159749
2022,04,09,TRI.BE,WOULD YOU RUN,204346
2022,04,09,NCT 127,Superhuman,237853
2022,04,09,HOT ISSUE,ICONS,188880
2022,04,09,LOONA,Why Not?,205520
2022,04,09,Falling In Reverse,Drugs,231920
2022,04,09,NMIXX,TANK,168146
2022,04,09,NMIXX,O.O,172936
2022,04,09,T1419,ASURABALBALTA,214357
2022,04,09,NiziU,Super Summer,0
2022,04,09,NiziU,Super Summer,0
2022,04,09,NiziU,Chopstick,0
2022,04,09,NiziU,Chopstick,0
2022,04,09,NiziU,Chopstick,0
2022,04,09,TREASURE,JIKJIN,179483
2022,04,09,NMIXX,TANK,168146
2022,04,09,NCT DREAM,Glitch Mode,207053
2022,04,09,Falling In Reverse,Drugs,231920
2022,04,09,Miloh,A Sweet Smile Groove,126724
2022,04,09,Vaundy,踊り子,230109
2022,04,09,ONEUS,LUNA,199893
2022,04,09,LOONA,Why Not?,205520
2022,04,09,EVERGLOW,FIRST,212280
2022,04,09,Kep1er,WA DA DA,183693
2022,04,09,HOT ISSUE,ICONS,35554
2022,04,09,HOT ISSUE,ICONS,153358
2022,04,09,Dreamcatcher,Scream,204118
2022,04,09,EVERGLOW,Pirate,209794
2022,04,09,NCT 127,Lemonade,189886
2022,04,09,aespa,Savage,237978
2022,04,09,NCT DREAM,Hot Sauce,195803
2022,04,09,TWICE,LAST WALTZ,169809
2022,04,09,TOMORROW X TOGETHER,Magic,159563
2022,04,09,Bling Bling,Oh MAMA,194529
2022,04,09,aespa,Black Mamba,174852
2022,04,09,T1419,ASURABALBALTA,218569
2022,04,09,TRI.BE,WOULD YOU RUN,204242
2022,04,09,NCT 127,Superhuman,237841
2022,04,09,Bling Bling,LA LA LA,204127
2022,04,09,cignature,ASSA,201459
2022,04,09,TRI.BE,LOBO,186872
2022,04,09,Adam Hicks,Livin' On a High Wire,158418
2022,04,09,LISA,MONEY,168092
2022,04,09,Golden Child,Round N Round,219031
2022,04,09,NMIXX,O.O,172906
2022,04,09,Dreamcatcher,BOCA,189457
2022,04,09,EVERGLOW,FIRST,212280
2022,04,09,HOT ISSUE,ICONS,153358
2022,04,09,Dreamcatcher,Scream,70701
2022,04,09,NMIXX,TANK,167918
2022,04,09,VICTON,What I Said,206206
2022,04,09,H1-KEY,ATHLETIC GIRL,212488
2022,04,09,Kep1er,WA DA DA,42202
2022,04,09,Kep1er,WA DA DA,183693
2022,04,09,TREASURE,JIKJIN,184117
2022,04,09,NMIXX,TANK,168146
2022,04,09,NCT DREAM,Glitch Mode,207053
2022,04,09,Falling In Reverse,Drugs,231920
2022,04,09,Miloh,A Sweet Smile Groove,121650
2022,04,09,Vaundy,踊り子,2918
2022,04,09,Miloh,A Sweet Smile Groove,126724
2022,04,09,Vaundy,踊り子,230109
2022,04,09,ONEUS,LUNA,10288
2022,04,09,LOONA,Why Not?,205520
2022,04,09,ONEUS,LUNA,3787
2022,04,09,LOONA,Why Not?,39741
2022,04,09,LOONA,Why Not?,205520
2022,04,09,LOONA,Why Not?,205520
2022,04,09,LOONA,Why Not?,205520
2022,04,09,LOONA,Why Not?,142843
2022,04,09,LOONA,Why Not?,62686
2022,04,09,LOONA,Why Not?,122151
2022,04,10,LOONA,Why Not?,20521
2022,04,10,LOONA,Why Not?,62895
2022,04,10,LOONA,Why Not?,205520
2022,04,10,LOONA,Why Not?,205520
2022,04,10,LOONA,Why Not?,117944
2022,04,10,LOONA,Why Not?,52291
2022,04,10,LOONA,Why Not?,153238
2022,04,10,LOONA,Why Not?,263211
2022,04,10,NCT DREAM,Glitch Mode,1223
2022,04,10,aespa,Black Mamba,1909
2022,04,10,cignature,ASSA,2306
2022,04,10,LOONA,Why Not?,223181
2022,04,10,aespa,Black Mamba,222056
2022,04,10,NCT DREAM,Glitch Mode,179187
2022,04,10,Golden Child,Round N Round,5734
2022,04,10,TREASURE,JIKJIN,184117
2022,04,10,Adam Hicks,Livin' On a High Wire,158653
2022,04,10,ONEUS,LUNA,199893
2022,04,10,TRI.BE,WOULD YOU RUN,204346
2022,04,10,aespa,Savage,238143
2022,04,10,Dreamcatcher,Scream,125548
2022,04,10,ATEEZ,If Without You,0
2022,04,10,NiziU,Super Summer,0
2022,04,10,NiziU,Super Summer,0
2022,04,10,NiziU,Super Summer,0
2022,04,10,NiziU,Super Summer,0
2022,04,10,LOONA,Why Not?,200381
2022,04,10,Miloh,A Sweet Smile Groove,126724
2022,04,10,Jnr Choi,TO THE MOON,152137
2022,04,10,Falling In Reverse,Drugs,231920
2022,04,10,fromis_9,Weather,201800
2022,04,10,Vaundy,踊り子,230109
2022,04,10,TREASURE,JIKJIN,61867
2022,04,10,TREASURE,JIKJIN,122258
2022,04,10,NCT DREAM,Glitch Mode,207041
2022,04,10,EVERGLOW,Pirate,209958
2022,04,10,NMIXX,TANK,167940
2022,04,10,Kep1er,WA DA DA,183694
2022,04,10,ONEUS,LUNA,199703
2022,04,10,EVERGLOW,FIRST,212248
2022,04,10,HOT ISSUE,ICONS,188778
2022,04,10,aespa,Black Mamba,174816
2022,04,10,Bling Bling,Oh MAMA,194374
2022,04,10,NCT DREAM,Quiet Down,188398
2022,04,10,TWICE,LAST WALTZ,169833
2022,04,10,Dreamcatcher,Silent Night,197960
2022,04,10,aespa,Savage,238010
2022,04,10,NCT DREAM,Hot Sauce,195696
2022,04,10,R.Tee,What You Waiting For,173929
2022,04,10,Dreamcatcher,Scream,204168
2022,04,10,NiziU,Chopstick,177769
2022,04,10,Golden Child,Round N Round,219040
2022,04,10,TRI.BE,WOULD YOU RUN,204175
2022,04,10,T1419,ASURABALBALTA,218614
2022,04,10,Stray Kids,MANIAC,182678
2022,04,10,Adam Hicks,Livin' On a High Wire,158547
2022,04,10,AleXa,KITTY RUN,201640
2022,04,10,Dreamcatcher,BOCA,189540
2022,04,10,EPEX,Lock Down,207426
2022,04,10,ATEEZ,The Real - Heung Version,209867
2022,04,10,NMIXX,TANK,168015
2022,04,10,Bling Bling,LA LA LA,204089
2022,04,10,NCT 127,Lemonade,189791
2022,04,10,Red Velvet,Pose,200017
2022,04,10,TREASURE,GOING CRAZY,224965
2022,04,10,ATEEZ,Utopia,238927
2022,04,10,Adam Hicks,Determinate - From "Lemonade Mouth",198037
2022,04,10,H1-KEY,ATHLETIC GIRL,212396
2022,04,10,iKON,Why Why Why,76000
2022,04,10,iKON,Dive,17482
2022,04,10,iKON,Why Why Why,206856
2022,04,10,iKON,Why Why Why,206856
2022,04,10,iKON,Why Why Why,203362
2022,04,10,TREASURE,JIKJIN,102520
2022,04,10,EVERGLOW,Pirate,94795
2022,04,11,TREASURE,JIKJIN,81805
2022,04,11,Adam Hicks,Livin' On a High Wire,158653
2022,04,11,Miloh,A Sweet Smile Groove,2340
2022,04,11,Miloh,A Sweet Smile Groove,124570
2022,04,11,HOT ISSUE,ICONS,188880
2022,04,11,TWICE,LAST WALTZ,170560
2022,04,11,EVERGLOW,Pirate,210013
2022,04,11,EVERGLOW,FIRST,212280
2022,04,11,Vaundy,踊り子,230109
2022,04,11,Jnr Choi,TO THE MOON,152137
2022,04,11,TRI.BE,WOULD YOU RUN,137181
2022,04,11,Madonna,Material Girl,12941
2022,04,11,Gwen Stefani,The Sweet Escape,44775
2022,04,11,Bling Bling,Oh MAMA,194533
2022,04,11,Bling Bling,Oh MAMA,194533
2022,04,11,Bling Bling,Oh MAMA,194533
2022,04,11,Bling Bling,Oh MAMA,194533
2022,04,11,Bling Bling,Oh MAMA,194533
2022,04,11,Bling Bling,Oh MAMA,194533
2022,04,11,Bling Bling,Oh MAMA,86080
2022,04,11,Solar,HONEY,167626
2022,04,11,Solar,HONEY,167626
2022,04,11,Solar,HONEY,146366
2022,04,11,JT Music,Join Us for a Bite,3745
2022,04,11,JT Music,Join Us for a Bite,5613
2022,04,11,LOONA,Why Not?,20
2022,04,11,LOONA,Why Not?,0
2022,04,11,LOONA,Why Not?,0
2022,04,11,NiziU,Super Summer,0
2022,04,11,NiziU,Chopstick,0
2022,04,11,JT Music,Join Us for a Bite,13047
2022,04,11,Solar,HONEY,167626
2022,04,11,Solar,HONEY,167626
2022,04,11,Solar,HONEY,167626
2022,04,11,Solar,HONEY,167626
2022,04,11,Solar,HONEY,167626
2022,04,11,Solar,HONEY,167626
2022,04,11,Solar,HONEY,167626
2022,04,11,Solar,HONEY,167626
2022,04,11,Solar,HONEY,167626
2022,04,11,Solar,HONEY,167626
2022,04,11,Solar,HONEY,167626
2022,04,11,Solar,HONEY,167626
2022,04,11,Solar,HONEY,167626
2022,04,11,Solar,HONEY,167626
2022,04,11,Solar,HONEY,167626
2022,04,11,Solar,HONEY,167626
2022,04,11,Solar,HONEY,167626
2022,04,11,Solar,HONEY,167626
2022,04,11,Solar,HONEY,167626
2022,04,11,Solar,HONEY,167626
2022,04,11,Solar,HONEY,167626
2022,04,11,Solar,HONEY,156580
2022,04,11,Solar,HONEY,3093
2022,04,11,Solar,HONEY,164547
2022,04,11,Solar,HONEY,167626
2022,04,11,Solar,HONEY,167626
2022,04,11,Solar,HONEY,167626
2022,04,11,Solar,HONEY,167626
2022,04,11,Solar,HONEY,167626
2022,04,11,Solar,HONEY,167626
2022,04,11,Solar,HONEY,167626
2022,04,11,Solar,HONEY,167626
2022,04,11,Solar,HONEY,167626
2022,04,11,Solar,HONEY,167626
2022,04,11,Solar,HONEY,167626
2022,04,11,Solar,HONEY,167626
2022,04,11,Solar,HONEY,167626
2022,04,11,Solar,HONEY,167626
2022,04,11,Solar,HONEY,167626
2022,04,11,Solar,HONEY,125532
2022,04,11,Solar,HONEY,42352
2022,04,11,Solar,HONEY,167626
2022,04,11,Solar,HONEY,167626
2022,04,11,Solar,HONEY,167626
2022,04,11,Solar,HONEY,47886
2022,04,11,Solar,HONEY,119754
2022,04,11,Solar,HONEY,167626
2022,04,11,Solar,HONEY,167626
2022,04,11,Solar,HONEY,167626
2022,04,11,Solar,HONEY,167626
2022,04,11,Solar,HONEY,167626
2022,04,11,Solar,HONEY,167626
2022,04,11,Solar,HONEY,167626
2022,04,11,Solar,HONEY,167626
2022,04,11,Solar,HONEY,167626
2022,04,11,Solar,HONEY,167626
2022,04,11,Solar,HONEY,167626
2022,04,11,Solar,HONEY,167626
2022,04,11,Solar,HONEY,167626
2022,04,11,Solar,HONEY,167626
2022,04,11,Solar,HONEY,29411
2022,04,11,Solar,HONEY,3204
2022,04,11,Solar,HONEY,752
2022,04,11,Hilary Duff,Why Not,19950
2022,04,11,NCT U,Misfit,6455
2022,04,11,Jnr Choi,TO THE MOON,4860
2022,04,11,Solar,HONEY,167626
2022,04,11,Dreamcatcher,BOCA,10180
2022,04,12,Solar,HONEY,7683
2022,04,12,Solar,HONEY,159953
2022,04,12,NCT DREAM,Glitch Mode,207053
2022,04,12,Kep1er,WA DA DA,183693
2022,04,12,Dreamcatcher,Black Or White,204480
2022,04,12,EVERGLOW,FIRST,212280
2022,04,12,cignature,Boyfriend,198653
2022,04,12,TRI.BE,LOBO,187093
2022,04,12,NMIXX,O.O,172936
2022,04,12,SUNMI,TAIL,190960
2022,04,12,Dreamcatcher,BOCA,189546
2022,04,12,TREASURE,JIKJIN,184117
2022,04,12,EVERGLOW,Pirate,210013
2022,04,12,H1-KEY,ATHLETIC GIRL,212613
2022,04,12,TRI.BE,LORO,199573
2022,04,12,NMIXX,TANK,168146
2022,04,12,Dreamcatcher,Red Sun,185093
2022,04,12,(G)I-DLE,Oh my god,195866
2022,04,12,Kep1er,MVSK,190706
2022,04,12,LOONA,PTT (Paint The Town),201120
2022,04,12,Solar,RAW,66232
2022,04,12,AleXa,KITTY RUN,201680
2022,04,12,Dreamcatcher,BEcause,191946
2022,04,12,(G)I-DLE,HWAA,0
2022,04,12,JEON SOYEON,Weather,165640
2022,04,12,JEON SOYEON,Weather,165640
2022,04,12,(G)I-DLE,HWAA,197320
2022,04,12,LOONA,Not Friends (Sung by HeeJin, Kim Lip, JinSoul, Yves) (Prod. RYAN JHUN),195853
2022,04,12,SHINee,Body Rhythm,192053
2022,04,12,TAEYEON,INVU,204973
2022,04,12,GWSN,Like It Hot,202786
2022,04,12,ATEEZ,Don't Stop,190301
2022,04,12,aespa,Dreams Come True,113774
2022,04,12,NiziU,Super Summer,0
2022,04,12,NiziU,Super Summer,0
2022,04,12,NiziU,Super Summer,0
2022,04,12,NiziU,Chopstick,0
2022,04,12,NiziU,Chopstick,0
2022,04,12,NiziU,Chopstick,0
2022,04,12,ATEEZ,If Without You,0
2022,04,12,ATEEZ,If Without You,0
2022,04,12,Solar,HONEY,167626
2022,04,12,Solar,HONEY,167626
2022,04,12,Solar,HONEY,167626
2022,04,12,Solar,HONEY,167626
2022,04,12,Solar,HONEY,167626
2022,04,12,Solar,HONEY,167626
2022,04,12,Solar,HONEY,167626
2022,04,12,Solar,HONEY,167626
2022,04,12,Solar,HONEY,167626
2022,04,12,Solar,HONEY,167626
2022,04,12,Solar,HONEY,167626
2022,04,12,Solar,HONEY,104986
2022,04,12,IVE,LOVE DIVE,186761
2022,04,12,IVE,LOVE DIVE,177088
2022,04,12,IVE,LOVE DIVE,176971
2022,04,12,IVE,LOVE DIVE,177117
2022,04,12,IVE,LOVE DIVE,177187
2022,04,12,IVE,LOVE DIVE,177158
2022,04,12,IVE,LOVE DIVE,176959
2022,04,12,IVE,LOVE DIVE,177111
2022,04,12,IVE,LOVE DIVE,176988
2022,04,12,IVE,LOVE DIVE,177118
2022,04,12,IVE,LOVE DIVE,177068
2022,04,12,IVE,LOVE DIVE,176988
2022,04,12,IVE,LOVE DIVE,177108
2022,04,12,IVE,LOVE DIVE,177187
2022,04,12,IVE,LOVE DIVE,176968
2022,04,12,IVE,LOVE DIVE,177186
2022,04,12,IVE,LOVE DIVE,58593
2022,04,12,IVE,LOVE DIVE,142484
2022,04,12,IVE,LOVE DIVE,118678
2022,04,12,IVE,LOVE DIVE,177187
2022,04,12,IVE,LOVE DIVE,176983
2022,04,12,IVE,LOVE DIVE,177081
2022,04,12,IVE,LOVE DIVE,177013
2022,04,12,IVE,LOVE DIVE,177079
2022,04,12,IVE,LOVE DIVE,118746
2022,04,12,IVE,LOVE DIVE,177186
2022,04,12,IVE,LOVE DIVE,177186
2022,04,12,IVE,LOVE DIVE,177186
2022,04,12,IVE,LOVE DIVE,101613
2022,04,12,IVE,LOVE DIVE,75359
2022,04,12,IVE,LOVE DIVE,177187
2022,04,12,IVE,LOVE DIVE,177108
2022,04,13,IVE,LOVE DIVE,177111
2022,04,13,IVE,LOVE DIVE,176992
2022,04,13,IVE,LOVE DIVE,75577
2022,04,13,IVE,LOVE DIVE,177186
2022,04,13,IVE,LOVE DIVE,177186
2022,04,13,IVE,LOVE DIVE,177186
2022,04,13,IVE,LOVE DIVE,177186
2022,04,13,IVE,LOVE DIVE,191861
2022,04,13,IVE,LOVE DIVE,177186
2022,04,13,IVE,LOVE DIVE,177186
2022,04,13,IVE,LOVE DIVE,177186
2022,04,13,IVE,LOVE DIVE,177186
2022,04,13,IVE,LOVE DIVE,177186
2022,04,13,IVE,LOVE DIVE,177186
2022,04,13,IVE,LOVE DIVE,177186
2022,04,13,IVE,LOVE DIVE,177186
2022,04,13,IVE,LOVE DIVE,177186
2022,04,13,IVE,LOVE DIVE,177186
2022,04,13,IVE,LOVE DIVE,177186
2022,04,13,IVE,LOVE DIVE,177186
2022,04,13,IVE,LOVE DIVE,177186
2022,04,13,IVE,LOVE DIVE,177186
2022,04,13,IVE,LOVE DIVE,177186
2022,04,13,IVE,LOVE DIVE,177186
2022,04,13,IVE,LOVE DIVE,177186
2022,04,13,IVE,LOVE DIVE,177186
2022,04,13,IVE,LOVE DIVE,177186
2022,04,13,IVE,LOVE DIVE,177186
2022,04,13,IVE,LOVE DIVE,73594
2022,04,13,IVE,LOVE DIVE,52700
2022,04,13,IVE,LOVE DIVE,1043
2022,04,13,IVE,LOVE DIVE,123601
2022,04,13,IVE,LOVE DIVE,177018
2022,04,13,IVE,LOVE DIVE,177127
2022,04,13,IVE,LOVE DIVE,177187
2022,04,13,IVE,LOVE DIVE,177164
2022,04,13,IVE,LOVE DIVE,177187
2022,04,13,IVE,LOVE DIVE,177028
2022,04,13,IVE,LOVE DIVE,176998
2022,04,13,IVE,LOVE DIVE,177068
2022,04,13,IVE,LOVE DIVE,177187
2022,04,13,IVE,LOVE DIVE,177058
2022,04,13,IVE,LOVE DIVE,176997
2022,04,13,IVE,LOVE DIVE,176990
2022,04,13,IVE,LOVE DIVE,177066
2022,04,13,IVE,LOVE DIVE,177017
2022,04,13,IVE,LOVE DIVE,177017
2022,04,13,IVE,LOVE DIVE,1840
2022,04,13,IVE,LOVE DIVE,122982
2022,04,13,IVE,LOVE DIVE,177186
2022,04,13,IVE,LOVE DIVE,99310
2022,04,13,Banished by Booksmart Studios,Whitewashing History?,1776643
2022,04,13,Banished by Booksmart Studios,If It's in the World, It's for Me,1186583
2022,04,13,IVE,LOVE DIVE,177186
2022,04,13,IVE,LOVE DIVE,177186
2022,04,13,IVE,LOVE DIVE,177186
2022,04,13,IVE,LOVE DIVE,177186
2022,04,13,IVE,LOVE DIVE,177186
2022,04,13,IVE,LOVE DIVE,177186
2022,04,13,IVE,LOVE DIVE,177186
2022,04,13,IVE,LOVE DIVE,177186
2022,04,13,IVE,LOVE DIVE,61086
2022,04,13,IVE,LOVE DIVE,116354
2022,04,13,IVE,LOVE DIVE,177186
2022,04,13,IVE,LOVE DIVE,177186
2022,04,13,IVE,LOVE DIVE,126940
2022,04,13,IVE,LOVE DIVE,2806
2022,04,13,IVE,LOVE DIVE,174392
2022,04,13,IVE,LOVE DIVE,177186
2022,04,13,IVE,LOVE DIVE,177186
2022,04,13,IVE,LOVE DIVE,177186
2022,04,13,IVE,LOVE DIVE,28127
2022,04,13,IVE,LOVE DIVE,149232
2022,04,13,IVE,LOVE DIVE,177186
2022,04,13,IVE,LOVE DIVE,177186
2022,04,13,IVE,LOVE DIVE,94775
2022,04,13,IVE,LOVE DIVE,82443
2022,04,13,IVE,LOVE DIVE,78758
2022,04,13,(G)I-DLE,TOMBOY,174386
2022,04,13,(G)I-DLE,TOMBOY,203399
2022,04,13,(G)I-DLE,TOMBOY,102661
2022,04,13,(G)I-DLE,TOMBOY,174386
2022,04,13,(G)I-DLE,TOMBOY,174386
2022,04,13,(G)I-DLE,TOMBOY,146099
2022,04,13,(G)I-DLE,TOMBOY,28320
2022,04,13,(G)I-DLE,TOMBOY,174386
2022,04,13,(G)I-DLE,TOMBOY,174386
2022,04,13,(G)I-DLE,TOMBOY,174386
2022,04,13,(G)I-DLE,TOMBOY,46461
2022,04,13,(G)I-DLE,TOMBOY,127943
2022,04,13,(G)I-DLE,TOMBOY,174386
2022,04,13,(G)I-DLE,TOMBOY,174386
2022,04,13,(G)I-DLE,TOMBOY,174386
2022,04,13,(G)I-DLE,TOMBOY,174386
2022,04,13,(G)I-DLE,TOMBOY,174386
2022,04,13,(G)I-DLE,TOMBOY,174386
2022,04,13,(G)I-DLE,TOMBOY,174386
2022,04,13,(G)I-DLE,TOMBOY,174386
2022,04,13,(G)I-DLE,TOMBOY,174386
2022,04,13,(G)I-DLE,TOMBOY,174386
2022,04,13,(G)I-DLE,TOMBOY,174386
2022,04,13,(G)I-DLE,TOMBOY,174386
2022,04,13,(G)I-DLE,TOMBOY,174386
2022,04,13,(G)I-DLE,TOMBOY,174386
2022,04,13,(G)I-DLE,TOMBOY,174386
2022,04,13,(G)I-DLE,TOMBOY,191049
2022,04,13,EVERGLOW,Bon Bon Chocolat,113430
2022,04,13,TOMORROW X TOGETHER,CROWN,169020
2022,04,13,ONEUS,LUNA,172855
2022,04,13,ONEUS,LUNA,7230
2022,04,13,LOONA,Why Not?,500893
2022,04,13,ITZY,Not Shy,131622
2022,04,13,Dreamcatcher,Scream,107431
2022,04,13,TOMORROW X TOGETHER,CROWN,5814
2022,04,13,Jessi,NUNU NANA,162500
2022,04,13,HOT ISSUE,ICONS,0
2022,04,13,Jnr Choi,TO THE MOON,7348
2022,04,13,Jnr Choi,TO THE MOON,4707
2022,04,13,Jnr Choi,TO THE MOON,80488
2022,04,13,Jnr Choi,TO THE MOON,91678
2022,04,13,Jnr Choi,TO THE MOON,90043
2022,04,13,Jnr Choi,TO THE MOON,57440
2022,04,13,Bruno Mars,Leave The Door Open,8875
2022,04,13,Jnr Choi,TO THE MOON,82591
2022,04,13,(G)I-DLE,TOMBOY,174386
2022,04,13,(G)I-DLE,TOMBOY,174386
2022,04,13,(G)I-DLE,TOMBOY,174386
2022,04,13,(G)I-DLE,TOMBOY,131783
2022,04,13,(G)I-DLE,TOMBOY,42631
2022,04,13,(G)I-DLE,TOMBOY,174386
2022,04,13,(G)I-DLE,TOMBOY,174386
2022,04,13,(G)I-DLE,TOMBOY,174386
2022,04,13,(G)I-DLE,TOMBOY,174386
2022,04,13,(G)I-DLE,TOMBOY,174386
2022,04,13,(G)I-DLE,TOMBOY,174386
2022,04,13,(G)I-DLE,TOMBOY,174386
2022,04,13,(G)I-DLE,TOMBOY,174386
2022,04,13,(G)I-DLE,TOMBOY,174386
2022,04,13,(G)I-DLE,TOMBOY,174386
2022,04,13,(G)I-DLE,TOMBOY,174386
2022,04,13,(G)I-DLE,TOMBOY,174386
2022,04,13,(G)I-DLE,TOMBOY,174386
2022,04,13,(G)I-DLE,TOMBOY,174386
2022,04,14,(G)I-DLE,TOMBOY,25907
2022,04,14,(G)I-DLE,TOMBOY,174386
2022,04,14,(G)I-DLE,TOMBOY,174386
2022,04,14,IVE,LOVE DIVE,674
2022,04,14,(G)I-DLE,TOMBOY,141827
2022,04,14,Solar,HONEY,167626
2022,04,14,Solar,HONEY,167626
2022,04,14,Solar,HONEY,31549
2022,04,14,Jnr Choi,TO THE MOON,3218
2022,04,14,Frankie Stew and Harvey Gunn,No Sleep,14175
2022,04,14,Sam Tompkins,stand ten feet away from me,2150
2022,04,14,Sam Tompkins,Not So Grey,6651
2022,04,14,Jnr Choi,TO THE MOON,144346
2022,04,14,Jnr Choi,TO THE MOON,1615
2022,04,14,Sam Tompkins,Tears Beneath My Eyelids,20608
2022,04,14,Sam Tompkins,Easier,11430
2022,04,14,Jnr Choi,TO THE MOON,152137
2022,04,14,Jnr Choi,TO THE MOON,152137
2022,04,14,Jnr Choi,TO THE MOON,152137
2022,04,14,Yu-Peng Chen,Separated Dream,3998
2022,04,14,Jnr Choi,TO THE MOON,104808
2022,04,14,Yu-Peng Chen,The Starlit Past,9534
2022,04,14,Yu-Peng Chen,Fateful Departing,4565
2022,04,14,Yu-Peng Chen,Eternal Anamnesis - Genshin Impact Main Theme Var.,14080
2022,04,14,Miloh,A Sweet Smile Groove,126724
2022,04,14,Miloh,A Sweet Smile Groove,126724
2022,04,14,Miloh,A Sweet Smile Groove,126724
2022,04,14,Miloh,A Sweet Smile Groove,126724
2022,04,14,Miloh,A Sweet Smile Groove,126724
2022,04,14,Miloh,A Sweet Smile Groove,126724
2022,04,14,Miloh,A Sweet Smile Groove,126724
2022,04,14,Miloh,A Sweet Smile Groove,126724
2022,04,14,Miloh,A Sweet Smile Groove,126724
2022,04,14,Miloh,A Sweet Smile Groove,103875
2022,04,14,Rupert Gregson-Williams,Your Majesty,241111
2022,04,14,IVE,LOVE DIVE,122357
2022,04,14,IVE,LOVE DIVE,98440
2022,04,14,Rupert Gregson-Williams,Your Majesty,245122
2022,04,14,(G)I-DLE,TOMBOY,0
2022,04,14,(G)I-DLE,TOMBOY,0
2022,04,14,EVERGLOW,FIRST,8
2022,04,14,NCT DREAM,Hot Sauce,0
2022,04,14,aespa,Black Mamba,153242
2022,04,14,NCT DREAM,Quiet Down,101137
2022,04,14,Jnr Choi,TO THE MOON,137
2022,04,14,Dreamcatcher,Scream,0
2022,04,14,NCT DREAM,Quiet Down,0
2022,04,14,(G)I-DLE,TOMBOY,0
2022,04,14,(G)I-DLE,TOMBOY,0
2022,04,14,NiziU,Super Summer,0
2022,04,14,NiziU,Chopstick,0
2022,04,14,(G)I-DLE,TOMBOY,174386
2022,04,14,(G)I-DLE,TOMBOY,136413
2022,04,14,ATEEZ,If Without You,3322
2022,04,14,ATEEZ,If Without You,32970
2022,04,14,ATEEZ,If Without You,167959
2022,04,14,ATEEZ,If Without You,200920
2022,04,14,ATEEZ,If Without You,200920
2022,04,14,ATEEZ,If Without You,200920
2022,04,14,ATEEZ,If Without You,200920
2022,04,14,ATEEZ,If Without You,200920
2022,04,14,ATEEZ,If Without You,200920
2022,04,14,ATEEZ,If Without You,200920
2022,04,14,ATEEZ,If Without You,95660
2022,04,14,IVE,LOVE DIVE,176975
2022,04,14,IVE,LOVE DIVE,155007
2022,04,14,IVE,LOVE DIVE,177011
2022,04,14,IVE,LOVE DIVE,177076
2022,04,14,IVE,LOVE DIVE,177099
2022,04,14,IVE,LOVE DIVE,176990
2022,04,14,IVE,LOVE DIVE,177186
2022,04,14,IVE,LOVE DIVE,177039
2022,04,14,IVE,LOVE DIVE,177048
2022,04,14,IVE,LOVE DIVE,177158
2022,04,14,IVE,LOVE DIVE,177084
2022,04,14,IVE,LOVE DIVE,177156
2022,04,14,IVE,LOVE DIVE,177179
2022,04,14,IVE,LOVE DIVE,176959
2022,04,14,IVE,LOVE DIVE,177088
2022,04,14,IVE,LOVE DIVE,177118
2022,04,14,IVE,LOVE DIVE,177108
2022,04,14,IVE,LOVE DIVE,177097
2022,04,14,IVE,LOVE DIVE,177046
2022,04,14,IVE,LOVE DIVE,177156
2022,04,14,IVE,LOVE DIVE,177034
2022,04,14,IVE,LOVE DIVE,176978
2022,04,14,IVE,LOVE DIVE,177014
2022,04,14,IVE,LOVE DIVE,177128
2022,04,14,IVE,LOVE DIVE,177048
2022,04,14,IVE,LOVE DIVE,177015
2022,04,14,IVE,LOVE DIVE,177187
2022,04,14,IVE,LOVE DIVE,177058
2022,04,14,IVE,LOVE DIVE,176998
2022,04,14,IVE,LOVE DIVE,177016
2022,04,14,IVE,LOVE DIVE,177106
2022,04,14,IVE,LOVE DIVE,176988
2022,04,14,IVE,LOVE DIVE,177078
2022,04,14,Chlöe,Have Mercy,36287
2022,04,14,Chlöe,Have Mercy,154238
2022,04,14,Fivio Foreign,Hello (feat. Chlöe & KayCyy),15303
2022,04,14,Gunna,you & me,16813
2022,04,14,Golden Child,Round N Round,0
2022,04,14,Golden Child,Round N Round,0
2022,04,14,TREASURE,JIKJIN,184117
2022,04,14,R.Tee,What You Waiting For,174041
2022,04,14,Falling In Reverse,Drugs,231920
2022,04,14,EVERGLOW,FIRST,212280
2022,04,14,NCT DREAM,Quiet Down,188400
2022,04,14,aespa,Savage,238143
2022,04,14,ONEUS,LUNA,199893
2022,04,14,Stray Kids,MANIAC,182757
2022,04,14,NCT DREAM,Glitch Mode,207053
2022,04,14,Bling Bling,Oh MAMA,194533
2022,04,14,IVE,LOVE DIVE,62800
2022,04,14,HOT ISSUE,ICONS,103100
2022,04,14,NCT DREAM,Hot Sauce,195813
2022,04,14,Dreamcatcher,Silent Night,4365
2022,04,14,Vaundy,踊り子,2767
2022,04,14,LOONA,Why Not?,106122
2022,04,14,Jnr Choi,TO THE MOON,0
2022,04,14,Jnr Choi,TO THE MOON,2344
2022,04,14,Falling In Reverse,Drugs,231920
2022,04,14,Falling In Reverse,Drugs,231920
2022,04,14,Falling In Reverse,Drugs,231920
2022,04,14,Falling In Reverse,Drugs,231920
2022,04,14,Falling In Reverse,Drugs,231920
2022,04,14,Falling In Reverse,Drugs,231920
2022,04,14,Falling In Reverse,Drugs,231920
2022,04,14,Falling In Reverse,Drugs,231920
2022,04,14,Falling In Reverse,Drugs,231920
2022,04,14,Falling In Reverse,Drugs,231920
2022,04,14,Falling In Reverse,Drugs,231920
2022,04,14,Falling In Reverse,Drugs,231920
2022,04,14,Falling In Reverse,Drugs,231920
2022,04,14,Falling In Reverse,Drugs,231920
2022,04,14,Falling In Reverse,Drugs,231920
2022,04,14,Falling In Reverse,Drugs,231920
2022,04,14,Falling In Reverse,Drugs,94467
2022,04,14,(G)I-DLE,TOMBOY,7639
2022,04,14,(G)I-DLE,TOMBOY,8322
2022,04,14,(G)I-DLE,TOMBOY,246153
2022,04,14,EVERGLOW,Bon Bon Chocolat,84170
2022,04,14,SHINee,Ring Ding Dong,102392
2022,04,14,TOMORROW X TOGETHER,CROWN,328761
2022,04,14,TOMORROW X TOGETHER,CROWN,230706
2022,04,14,TOMORROW X TOGETHER,CROWN,230706
2022,04,14,TOMORROW X TOGETHER,CROWN,27583
2022,04,15,IVE,LOVE DIVE,177024
2022,04,15,IVE,LOVE DIVE,176988
2022,04,15,IVE,LOVE DIVE,176997
2022,04,15,IVE,LOVE DIVE,177174
2022,04,15,IVE,LOVE DIVE,177161
2022,04,15,IVE,LOVE DIVE,126237
2022,04,15,IVE,LOVE DIVE,176973
2022,04,15,IVE,LOVE DIVE,177187
2022,04,15,IVE,LOVE DIVE,177187
2022,04,15,IVE,LOVE DIVE,177155
2022,04,15,IVE,LOVE DIVE,177130
2022,04,15,IVE,LOVE DIVE,177059
2022,04,15,IVE,LOVE DIVE,176975
2022,04,15,IVE,LOVE DIVE,177011
2022,04,15,IVE,LOVE DIVE,104699
2022,04,15,IVE,LOVE DIVE,177165
2022,04,15,IVE,LOVE DIVE,177001
2022,04,15,IVE,LOVE DIVE,177090
2022,04,15,IVE,LOVE DIVE,177170
2022,04,15,IVE,LOVE DIVE,177005
2022,04,15,IVE,LOVE DIVE,177164
2022,04,15,IVE,LOVE DIVE,177183
2022,04,15,IVE,LOVE DIVE,177053
2022,04,15,IVE,LOVE DIVE,177000
2022,04,15,IVE,LOVE DIVE,177008
2022,04,15,IVE,LOVE DIVE,177066
2022,04,15,IVE,LOVE DIVE,177138
2022,04,15,IVE,LOVE DIVE,177101
2022,04,15,TRI.BE,WOULD YOU RUN,0
2022,04,15,NCT DREAM,Quiet Down,0
2022,04,15,Falling In Reverse,Drugs,0
2022,04,15,Dreamcatcher,Scream,0
2022,04,15,(G)I-DLE,TOMBOY,0
2022,04,15,(G)I-DLE,TOMBOY,0
2022,04,15,(G)I-DLE,TOMBOY,0
2022,04,15,NiziU,Super Summer,0
2022,04,15,NiziU,Super Summer,0
2022,04,15,NiziU,Super Summer,0
2022,04,15,NiziU,Chopstick,0
2022,04,15,NiziU,Chopstick,0
2022,04,15,NiziU,Chopstick,0
2022,04,15,ATEEZ,If Without You,0
2022,04,15,Falling In Reverse,Drugs,231920
2022,04,15,Falling In Reverse,Drugs,231920
2022,04,15,Vaundy,踊り子,13076
2022,04,15,NCT DREAM,Hot Sauce,195813
2022,04,15,NCT DREAM,Glitch Mode,207053
2022,04,15,R.Tee,What You Waiting For,174041
2022,04,15,NMIXX,TANK,168146
2022,04,15,EVERGLOW,FIRST,212280
2022,04,15,TREASURE,JIKJIN,184117
2022,04,15,Miloh,A Sweet Smile Groove,126724
2022,04,15,IVE,LOVE DIVE,84093
2022,04,15,IVE,LOVE DIVE,50771
2022,04,15,aespa,Savage,238143
2022,04,15,ONEUS,LUNA,199893
2022,04,15,fromis_9,Weather,17745
2022,04,15,TRI.BE,WOULD YOU RUN,204346
2022,04,15,LOONA,Why Not?,205520
2022,04,15,aespa,Black Mamba,23833
2022,04,15,(G)I-DLE,TOMBOY,3550
2022,04,15,(G)I-DLE,TOMBOY,174386
2022,04,15,IVE,LOVE DIVE,177186
2022,04,15,NCT DREAM,Glitch Mode,207053
2022,04,15,Bling Bling,Oh MAMA,194533
2022,04,15,aespa,Black Mamba,174933
2022,04,15,aespa,Savage,177677
2022,04,15,ITZY,Not Shy,117643
2022,04,15,ITZY,Not Shy,60211
2022,04,15,ONEUS,LUNA,16443
2022,04,15,ATEEZ,The Real - Heung Version,782
2022,04,15,NCT DREAM,Hot Sauce,23
2022,04,15,NCT 127,Lemonade,1096
2022,04,15,HOT ISSUE,ICONS,2324
2022,04,15,NCT DREAM,Quiet Down,7601
2022,04,15,Solar,HONEY,166624
2022,04,15,Solar,HONEY,167626
2022,04,15,Solar,HONEY,16036
2022,04,16,NiziU,Chopstick,2434
2022,04,16,NCT DREAM,Quiet Down,2351
2022,04,16,Solar,HONEY,95113
2022,04,16,Golden Child,Round N Round,2291
2022,04,16,EVERGLOW,FIRST,212280
2022,04,16,Dreamcatcher,Scream,2234
2022,04,16,Kyle Exum,Bassthoven,1676
2022,04,16,Jnr Choi,TO THE MOON,1945
2022,04,16,NiziU,Super Summer,3511
2022,04,16,Kep1er,WA DA DA,183693
2022,04,16,fromis_9,Weather,2470
2022,04,16,Vaundy,踊り子,2456
2022,04,16,LOONA,Why Not?,333142
2022,04,16,TREASURE,JIKJIN,2684
2022,04,16,ATEEZ,If Without You,2662
2022,04,16,EVERGLOW,Pirate,484430
2022,04,16,IVE,LOVE DIVE,1915
2022,04,16,Falling In Reverse,Drugs,3342
2022,04,16,Miloh,A Sweet Smile Groove,2496
2022,04,16,(G)I-DLE,TOMBOY,1520
2022,04,16,IVE,LOVE DIVE,4996
2022,04,16,(G)I-DLE,TOMBOY,292322
2022,04,16,NCT DREAM,Glitch Mode,68878
2022,04,16,aespa,Black Mamba,3000
2022,04,16,Bling Bling,Oh MAMA,3062
2022,04,16,ONEUS,LUNA,5027
2022,04,16,aespa,Savage,5656
2022,04,16,ITZY,Not Shy,3963
2022,04,16,HOT ISSUE,ICONS,2994
2022,04,16,NiziU,Chopstick,2474
2022,04,16,NCT DREAM,Quiet Down,407
2022,04,16,NCT DREAM,Quiet Down,718
2022,04,16,Solar,HONEY,23
2022,04,16,Solar,HONEY,0
2022,04,16,ATEEZ,The Real - Heung Version,3452
2022,04,16,NCT DREAM,Hot Sauce,195813
2022,04,16,NCT 127,Lemonade,17776
2022,04,16,NCT 127,Lemonade,128723
2022,04,16,NCT 127,Lemonade,61470
2022,04,16,Solar,HONEY,167626
2022,04,16,Solar,HONEY,167626
2022,04,16,Solar,HONEY,167626
2022,04,16,Solar,HONEY,167626
2022,04,16,Solar,HONEY,167626
2022,04,16,Solar,HONEY,167626
2022,04,16,Solar,HONEY,167626
2022,04,16,Solar,HONEY,167626
2022,04,16,Solar,HONEY,167626
2022,04,16,Solar,HONEY,167626
2022,04,16,Solar,HONEY,167626
2022,04,16,Solar,HONEY,167626
2022,04,16,Solar,HONEY,167626
2022,04,16,Solar,HONEY,167626
2022,04,16,Solar,HONEY,167626
2022,04,16,Solar,HONEY,167626
2022,04,16,Solar,HONEY,167626
2022,04,16,Solar,HONEY,167626
2022,04,16,Solar,HONEY,167626
2022,04,16,Solar,HONEY,167626
2022,04,16,Solar,HONEY,167626
2022,04,16,Solar,HONEY,167626
2022,04,16,Solar,HONEY,167626
2022,04,16,Solar,HONEY,167626
2022,04,16,Solar,HONEY,167626
2022,04,16,Solar,HONEY,84292
2022,04,16,Girl's Day,I'll be yours,76847
2022,04,16,LOOΠΔ / ODD EYE CIRCLE,Girl Front,196733
2022,04,16,AmaLee,Innocence (From "Sword Art Online"),89432
2022,04,16,Zedd,Beautiful Now,218293
2022,04,16,OneRepublic,Secrets,224680
2022,04,16,iKON,B-DAY,214584
2022,04,16,Jackson Wang,BULLET TO THE HEART,145720
2022,04,16,MAMAMOO,AYA,211280
2022,04,16,Adele,Someone Like You,285240
2022,04,16,OneRepublic,Stop And Stare,2005
2022,04,16,Jonathan Parecki,ONE PUNCH MAN Opening Theme - THE HERO,202030
2022,04,16,MINO,BODY,43812
2022,04,16,fromis_9,WE GO,175946
2022,04,16,Black Eyed Peas,Boom Boom Pow,251440
2022,04,16,Dreamcatcher,SAHARA,190946
2022,04,16,dj-Jo,unravel feat. Hatsune Miku (dj-Jo Remix) [Full],238102
2022,04,16,ATEEZ,My Way,228228
2022,04,16,NateWantsToBattle,Goya wa Machiawase,94603
2022,04,16,OH MY GIRL,Nonstop,202760
2022,04,16,BTS,BTS Cypher 4,294463
2022,04,16,Fear, and Loathing in Las Vegas,Let Me Hear,70711
2022,04,16,Justin Bieber,Baby,23
2022,04,16,Selena Gomez,Kill Em With Kindness,1478
2022,04,16,Miley Cyrus,We Can't Stop,2604
2022,04,16,NCT 127,Superhuman,1100
2022,04,16,Bastille,Pompeii,0
2022,04,16,ATEEZ,If Without You,0
2022,04,16,ATEEZ,If Without You,0
2022,04,16,ATEEZ,If Without You,0
2022,04,16,(G)I-DLE,TOMBOY,0
2022,04,16,(G)I-DLE,TOMBOY,0
2022,04,16,(G)I-DLE,TOMBOY,0
2022,04,16,aespa,Black Mamba,0
2022,04,16,IZ*ONE,Panorama,0
2022,04,16,Kep1er,WA DA DA,0
2022,04,16,Weeekly,After School,205373
2022,04,16,The Piano Guys,DNA,7085
2022,04,16,ATEEZ,INCEPTION,210813
2022,04,16,Dreamcatcher,The curse of the Spider,190920
2022,04,16,NateWantsToBattle,Blank Page,5785
2022,04,16,Coldplay,Viva La Vida,242373
2022,04,16,Taylor Swift,I Knew You Were Trouble.,219720
2022,04,16,ATEEZ,Pirate King,195989
2022,04,16,The Piano Guys,Rolling in the Deep,231146
2022,04,16,Kelly Clarkson,People Like Us,258906
2022,04,16,BTS,Make It Right,226321
2022,04,16,Falling In Reverse,Drugs,231920
2022,04,16,Sia,The Greatest (feat. Kendrick Lamar),68679
2022,04,16,A.C.E,SAVAGE,207243
2022,04,16,NateWantsToBattle,Goya wa Machiawase,94603
2022,04,16,Justin Timberlake,Mirrors,302470
2022,04,16,Dreamcatcher,Intro,99746
2022,04,16,China Anne McClain,Calling All the Monsters,206506
2022,04,16,TAEMIN,MOVE,211949
2022,04,16,dj-Jo,Kyouran Hey Kids!! (dj-Jo Remix) [Instrumental],246760
2022,04,16,Linked Horizon,Guren no Yumiya,310680
2022,04,16,Katy Perry,This Is How We Do,204285
2022,04,16,AOA,Heart Attack,196522
2022,04,16,Sleeping With Sirens,Leave It All Behind,198248
2022,04,16,LISA,LALISA,200689
2022,04,16,Britney Spears,...Baby One More Time,8784
2022,04,16,Hailee Steinfeld,Love Myself,218773
2022,04,16,Nickelback,How You Remind Me,223840
2022,04,16,ONEWE,Parting,240360
2022,04,16,SUNMI,Heroine,195000
2022,04,16,ONEUS,Incomplete,202826
2022,04,16,Fall Out Boy,Immortals,58893
2022,04,16,IVE,LOVE DIVE,177144
2022,04,16,aespa,Black Mamba,174856
2022,04,16,Dreamcatcher,BEcause,191947
2022,04,16,TOMORROW X TOGETHER,0X1=LOVESONG (I Know I Love You) feat. Seori,202204
2022,04,16,cignature,Boyfriend,198482
2022,04,16,TRI.BE,LOBO,187090
2022,04,16,NMIXX,TANK,168050
2022,04,16,NCT DREAM,Glitch Mode,206944
2022,04,16,Red Velvet,Pose,199990
2022,04,16,aespa,Savage,238026
2022,04,16,Cherry Bullet,Love So Sweet,187899
2022,04,16,Girls' Generation,The Boys,226749
2022,04,16,NMIXX,O.O,172894
2022,04,16,(G)I-DLE,TOMBOY,174226
2022,04,16,EVERGLOW,FIRST,212228
2022,04,16,H1-KEY,ATHLETIC GIRL,212614
2022,04,16,JEON SOYEON,Weather,165640
2022,04,16,Solar,HONEY,167503
2022,04,16,Stray Kids,MANIAC,182509
2022,04,16,LOONA,PTT (Paint The Town),200996
2022,04,16,EVERGLOW,LA DI DA,209924
2022,04,16,Red Velvet,Queendom,181633
2022,04,16,Weeekly,After School,205151
2022,04,16,P1Harmony,Do It Like This,191951
2022,04,16,ITZY,In the morning,172373
2022,04,16,SUNMI,TAIL,190009
2022,04,16,TREASURE,GOING CRAZY,224863
2022,04,16,Hwa Sa,I`m a B,188653
2022,04,16,JEON SOYEON,Is this bad b****** number?,165312
2022,04,16,Lil Nas X,Old Town Road,113000
2022,04,16,Dreamcatcher,YOU AND I,4278
2022,04,16,Sia,The Greatest (feat. Kendrick Lamar),125555
2022,04,16,Shin Giwon Piano,Oh My!,3510
2022,04,16,j-hope,항상 (HANGSANG),4590
2022,04,16,MOMOLAND,BBoom BBoom,208863
2022,04,16,Demi Lovato,La La Land,99860
2022,04,17,Demi Lovato,La La Land,96848
2022,04,17,THE ORAL CIGARETTES,Kyouran Hey Kids!!,250973
2022,04,17,THE ORAL CIGARETTES,Kyouran Hey Kids!!,162537
2022,04,17,THE ORAL CIGARETTES,Kyouran Hey Kids!!,250973
2022,04,17,THE ORAL CIGARETTES,Kyouran Hey Kids!!,250973
2022,04,17,THE ORAL CIGARETTES,Kyouran Hey Kids!!,120416
2022,04,17,THE ORAL CIGARETTES,Kyouran Hey Kids!!,3468
2022,04,17,THE ORAL CIGARETTES,Kyouran Hey Kids!!,154574
2022,04,17,THE ORAL CIGARETTES,Kyouran Hey Kids!!,250973
2022,04,17,THE ORAL CIGARETTES,Kyouran Hey Kids!!,250973
2022,04,17,THE ORAL CIGARETTES,Kyouran Hey Kids!!,250973
2022,04,17,YENA,SMILEY(Feat. BIBI),109456
2022,04,17,THE ORAL CIGARETTES,Kyouran Hey Kids!!,250973
2022,04,17,THE ORAL CIGARETTES,Kyouran Hey Kids!!,250973
2022,04,17,THE ORAL CIGARETTES,Kyouran Hey Kids!!,250973
2022,04,17,THE ORAL CIGARETTES,Kyouran Hey Kids!!,250973
2022,04,17,THE ORAL CIGARETTES,Kyouran Hey Kids!!,250973
2022,04,17,THE ORAL CIGARETTES,Kyouran Hey Kids!!,250973
2022,04,17,THE ORAL CIGARETTES,Kyouran Hey Kids!!,250973
2022,04,17,THE ORAL CIGARETTES,Kyouran Hey Kids!!,250973
2022,04,17,THE ORAL CIGARETTES,Kyouran Hey Kids!!,250973
2022,04,17,THE ORAL CIGARETTES,Kyouran Hey Kids!!,250973
2022,04,17,THE ORAL CIGARETTES,Kyouran Hey Kids!!,250973
2022,04,17,THE ORAL CIGARETTES,Kyouran Hey Kids!!,250973
2022,04,17,THE ORAL CIGARETTES,Kyouran Hey Kids!!,250973
2022,04,17,THE ORAL CIGARETTES,Kyouran Hey Kids!!,250973
2022,04,17,THE ORAL CIGARETTES,Kyouran Hey Kids!!,250973
2022,04,17,THE ORAL CIGARETTES,Kyouran Hey Kids!!,250973
2022,04,17,THE ORAL CIGARETTES,Kyouran Hey Kids!!,250973
2022,04,17,THE ORAL CIGARETTES,Kyouran Hey Kids!!,250973
2022,04,17,THE ORAL CIGARETTES,Kyouran Hey Kids!!,250973
2022,04,17,THE ORAL CIGARETTES,Kyouran Hey Kids!!,250973
2022,04,17,THE ORAL CIGARETTES,Kyouran Hey Kids!!,250973
2022,04,17,THE ORAL CIGARETTES,Kyouran Hey Kids!!,250973
2022,04,17,THE ORAL CIGARETTES,Kyouran Hey Kids!!,250973
2022,04,17,THE ORAL CIGARETTES,Kyouran Hey Kids!!,250973
2022,04,17,THE ORAL CIGARETTES,Kyouran Hey Kids!!,250973
2022,04,17,THE ORAL CIGARETTES,Kyouran Hey Kids!!,250973
2022,04,17,THE ORAL CIGARETTES,Kyouran Hey Kids!!,250973
2022,04,17,THE ORAL CIGARETTES,Kyouran Hey Kids!!,250973
2022,04,17,THE ORAL CIGARETTES,Kyouran Hey Kids!!,250973
2022,04,17,THE ORAL CIGARETTES,Kyouran Hey Kids!!,250973
2022,04,17,THE ORAL CIGARETTES,Kyouran Hey Kids!!,250973
2022,04,17,THE ORAL CIGARETTES,Kyouran Hey Kids!!,250973
2022,04,17,ギヴン,冬のはなし,5890
2022,04,17,THE ORAL CIGARETTES,Kyouran Hey Kids!!,175495
2022,04,17,ONEWE,Parting,240360
2022,04,17,ONEWE,Parting,240360
2022,04,17,ONEWE,Parting,240360
2022,04,17,ONEWE,Parting,240360
2022,04,17,ONEWE,Parting,240360
2022,04,17,ONEWE,Parting,240360
2022,04,17,ONEWE,Parting,240360
2022,04,17,ONEWE,Parting,240360
2022,04,17,ONEWE,Parting,240360
2022,04,17,ONEWE,Parting,240360
2022,04,17,ONEWE,Parting,240360
2022,04,17,ONEWE,Parting,240360
2022,04,17,ONEWE,Parting,240360
2022,04,17,ONEWE,Parting,240360
2022,04,17,ONEWE,Parting,240360
2022,04,17,ONEWE,Parting,240360
2022,04,17,Renée Elise Goldsberry,Satisfied,329228
2022,04,17,Demi Lovato,Made In The USA,196093
2022,04,17,Dreamcatcher,In The Frozen,196053
2022,04,17,McClain Sisters,The Great Divide (from "Secret of the Wings"),179360
2022,04,17,Shin Giwon Piano,CLAP,1690
2022,04,17,WALK THE MOON,Shut Up and Dance,11727
2022,04,17,NCT 127,Punch,204000
2022,04,17,TWICE,LAST WALTZ,170560
2022,04,17,Rachel Platten,Fight Song,204013
2022,04,17,BTS,I Need U,210986
2022,04,17,dj-Jo,Mononoke in the Fiction - Remix,263080
2022,04,17,dj-Jo,Mononoke in the Fiction - Remix,263080
2022,04,17,dj-Jo,Mononoke in the Fiction - Remix,263080
2022,04,17,dj-Jo,Mononoke in the Fiction - Remix,263080
2022,04,17,dj-Jo,Mononoke in the Fiction - Remix,263080
2022,04,17,dj-Jo,Mononoke in the Fiction - Remix,205622
2022,04,17,dj-Jo,Mononoke in the Fiction - Remix,57622
2022,04,17,dj-Jo,Mononoke in the Fiction - Remix,263080
2022,04,17,dj-Jo,Mononoke in the Fiction - Remix,263080
2022,04,17,dj-Jo,Mononoke in the Fiction - Remix,263080
2022,04,17,Martin Garrix,Animals - Radio Edit,176120
2022,04,17,ATEEZ,ROCKY,188590
2022,04,17,Yu-Peng Chen,Eternal Anamnesis - Genshin Impact Main Theme Var.,119011
2022,04,17,iKON,B-DAY,214584
2022,04,17,Kelly Clarkson,Underneath the Tree,229640
2022,04,17,GOT7,skyway,217706
2022,04,17,Becky G,Shower,206166
2022,04,17,Dreamcatcher,PIRI,206819
2022,04,17,Shawn Mendes,There's Nothing Holdin' Me Back,199440
2022,04,17,Red Velvet,Red Flavor,191139
2022,04,17,Meghan Trainor,Me Too,85158
2022,04,17,GOT7,OMW,4797
2022,04,17,GOT7,OMW,1724
2022,04,17,iKON,DON'T LET ME KNOW,201290
2022,04,17,Imagine Dragons,I Bet My Life,192706
2022,04,17,MINO,BODY,64477
2022,04,18,BTS,No More Dream,7342
2022,04,18,NCT 127,Regular - English Version,219106
2022,04,18,Jonathan Parecki,Can Do (From "Kuroko no Basuke"),6388
2022,04,18,BoA,ONE SHOT, TWO SHOT,210880
2022,04,18,Selena Gomez & The Scene,Love You Like A Love Song,188453
2022,04,18,AmaLee,Innocence (From "Sword Art Online"),275573
2022,04,18,ONEUS,BBUSYEO,194800
2022,04,18,Charli XCX,Boys,162585
2022,04,18,Lorde,Royals,190185
2022,04,18,American Authors,Best Day Of My Life,194240
2022,04,18,Rupert Gregson-Williams,Your Majesty,11487
2022,04,18,LOONA,Hi High,196863
2022,04,18,The Chainsmokers,Something Just Like This,247160
2022,04,18,Brandon Mychal Smith,Moment Of Truth,195706
2022,04,18,Katy Perry,Firework,148352
2022,04,18,ONEUS,BLACK MIRROR,19080
2022,04,18,Chase Atlantic,PARANOID,2593
2022,04,18,Coldplay,Paradise,2645
2022,04,18,iKON,JUST GO,3504
2022,04,18,IVE,LOVE DIVE,1771
2022,04,18,ONEUS,Dead Or Alive,223213
2022,04,18,ONEUS,Dead Or Alive,223213
2022,04,18,ONEUS,Dead Or Alive,223213
2022,04,18,Solar,HONEY,167626
2022,04,18,iKON,Why Why Why,153436
2022,04,18,iKON,Why Why Why,53425
2022,04,18,iKON,Why Why Why,206856
2022,04,18,iKON,Why Why Why,206856
2022,04,18,iKON,Why Why Why,206856
2022,04,18,iKON,Why Why Why,206856
2022,04,18,iKON,Why Why Why,206856
2022,04,18,iKON,Why Why Why,206856
2022,04,18,iKON,Why Why Why,206856
2022,04,18,iKON,Why Why Why,206856
2022,04,18,iKON,Why Why Why,206856
2022,04,18,iKON,Why Why Why,206856
2022,04,18,iKON,Why Why Why,206856
2022,04,18,iKON,Why Why Why,206856
2022,04,18,Dreamcatcher,Sleep-walking,0
2022,04,18,Adele,Someone Like You,0
2022,04,18,Dreamcatcher,BOCA,0
2022,04,18,Ariana Grande,One Last Time,0
2022,04,18,Adele,I'll Be Waiting,0
2022,04,18,Adele,Don't You Remember,0
2022,04,18,(G)I-DLE,TOMBOY,0
2022,04,18,(G)I-DLE,TOMBOY,0
2022,04,18,(G)I-DLE,TOMBOY,0
2022,04,18,Jnr Choi,TO THE MOON,3040
2022,04,18,(G)I-DLE,TOMBOY,172097
2022,04,18,(G)I-DLE,TOMBOY,3622
2022,04,18,(G)I-DLE,MY BAG,160520
2022,04,18,(G)I-DLE,MY BAG,160520
2022,04,18,(G)I-DLE,MY BAG,160520
2022,04,18,(G)I-DLE,MY BAG,187682
2022,04,18,Jnr Choi,TO THE MOON,152137
2022,04,18,Jnr Choi,TO THE MOON,152137
2022,04,18,Jnr Choi,TO THE MOON,152137
2022,04,18,Jnr Choi,TO THE MOON,152137
2022,04,18,Jnr Choi,TO THE MOON,46886
2022,04,18,Jessi,NUNU NANA,195836
2022,04,18,Jessi,NUNU NANA,195836
2022,04,18,Jessi,NUNU NANA,195836
2022,04,18,Jessi,NUNU NANA,195836
2022,04,18,Jessi,NUNU NANA,195836
2022,04,18,Jessi,NUNU NANA,195836
2022,04,18,Jessi,NUNU NANA,130104
2022,04,18,Jessi,NUNU NANA,66042
2022,04,18,Jessi,NUNU NANA,195836
2022,04,18,Jessi,NUNU NANA,195836
2022,04,18,Jessi,NUNU NANA,195836
2022,04,18,Jessi,NUNU NANA,182648
2022,04,18,Jessi,NUNU NANA,13270
2022,04,18,Jessi,NUNU NANA,195836
2022,04,18,Jessi,NUNU NANA,195836
2022,04,18,Jessi,NUNU NANA,195836
2022,04,18,Jessi,NUNU NANA,195836
2022,04,18,Jessi,NUNU NANA,258033
2022,04,18,Jessi,NUNU NANA,226066
2022,04,18,Jessi,NUNU NANA,267424
2022,04,18,Jessi,NUNU NANA,65634
2022,04,18,Jessi,NUNU NANA,97207
2022,04,18,Jessi,NUNU NANA,30649
2022,04,18,Jessi,NUNU NANA,21319
2022,04,18,Jessi,NUNU NANA,174530
2022,04,18,Jessi,NUNU NANA,195836
2022,04,18,Jessi,NUNU NANA,195836
2022,04,18,Jessi,NUNU NANA,195836
2022,04,18,Jessi,NUNU NANA,195836
2022,04,18,Jessi,NUNU NANA,195836
2022,04,18,Jessi,NUNU NANA,195836
2022,04,18,Jessi,NUNU NANA,195836
2022,04,18,Jessi,NUNU NANA,195836
2022,04,18,Jessi,NUNU NANA,195836
2022,04,18,Jessi,NUNU NANA,195836
2022,04,18,Jessi,NUNU NANA,195836
2022,04,18,Jessi,NUNU NANA,195836
2022,04,18,Jessi,NUNU NANA,9507
2022,04,18,The White Stripes,Seven Nation Army,2126
2022,04,18,Ciara,Level Up,204150
2022,04,18,Danny Gonzalez,My Dad Is Rich,104705
2022,04,18,NCT 127,Cherry Bomb,5526
2022,04,18,Danny Gonzalez,My Dad Is Rich,104705
2022,04,18,NCT 127,Cherry Bomb,5276
2022,04,18,Danny Gonzalez,My Dad Is Rich,104705
2022,04,18,NCT 127,Cherry Bomb,8518
2022,04,18,Danny Gonzalez,My Dad Is Rich,104705
2022,04,18,Danny Gonzalez,My Dad Is Rich,104705
2022,04,18,Danny Gonzalez,My Dad Is Rich,104705
2022,04,18,Danny Gonzalez,My Dad Is Rich,104705
2022,04,18,Danny Gonzalez,My Dad Is Rich,104705
2022,04,18,Danny Gonzalez,My Dad Is Rich,100950
2022,04,18,NCT 127,Cherry Bomb,2042
2022,04,18,Becky G,Shower,4239
2022,04,18,Imagine Dragons,Bad Liar,260773
2022,04,18,MCND,ICE AGE,97326
2022,04,19,MCND,ICE AGE,1381
2022,04,19,NateWantsToBattle,Blank Page,1430
2022,04,19,Fergie,Fergalicious,833
2022,04,19,BTS,Stigma,10847
2022,04,19,Shawn Mendes,Treat You Better,187973
2022,04,19,Daniel Powter,Bad Day,5578
2022,04,19,SUPER JUNIOR,Mr. Simple,241826
2022,04,19,fromis_9,Airplane Mode,182760
2022,04,19,The Piano Guys,Rolling in the Deep,231146
2022,04,19,KANG DANIEL,Waves (feat. Simon Dominic & Jamie),164920
2022,04,19,iKON,KILLING ME,193733
2022,04,19,ONEUS,Happy Birthday,191720
2022,04,19,Dreamcatcher,Intro,99746
2022,04,19,aespa,aenergy,147400
2022,04,19,BTS,Silver Spoon,233160
2022,04,19,ONEUS,No diggity,211146
2022,04,19,Billie Eilish,when the party's over,196077
2022,04,19,Drake,Nice For What,23845
2022,04,19,BLACKPINK,Really,0
2022,04,19,Fall Out Boy,My Songs Know What You Did In The Dark (Light Em Up),25
2022,04,19,SEVENTEEN,TRAUMA,0
2022,04,19,CHUNG HA,Bicycle,0
2022,04,19,Kesha,TiK ToK,0
2022,04,19,GOT7,고백송 Confession Song,0
2022,04,19,The Carters,APESHIT,58452
2022,04,19,Monsta X,HERO,0
2022,04,19,IZ,EDEN,0
2022,04,19,MIRAE,KILLA,1224
2022,04,19,BTS,Magic Shop,0
2022,04,19,Whethan,Savage (feat. Flux Pavilion & MAX),851
2022,04,19,CHUNG HA,Bicycle,179156
2022,04,19,IZ,EDEN,226382
2022,04,19,KARD,Here We Now,10380
2022,04,19,CHUNG HA,Roller Coaster,212136
2022,04,19,WINNER,EVERYDAY,206350
2022,04,19,AmaLee,Hey Kids (April Fools),73336
2022,04,19,Unknown Artist,Unknown Track,745
2022,04,19,Unknown Artist,Unknown Track,5646
2022,04,19,Unknown Artist,Unknown Track,233000
2022,04,19,Unknown Artist,Unknown Track,233000
2022,04,19,Unknown Artist,Unknown Track,233000
2022,04,19,Unknown Artist,Unknown Track,233000
2022,04,19,Unknown Artist,Unknown Track,233000
2022,04,19,Unknown Artist,Unknown Track,233000
2022,04,19,Unknown Artist,Unknown Track,233000
2022,04,19,Unknown Artist,Unknown Track,233000
2022,04,19,Unknown Artist,Unknown Track,233000
2022,04,19,Unknown Artist,Unknown Track,233000
2022,04,19,Unknown Artist,Unknown Track,233000
2022,04,19,Unknown Artist,Unknown Track,233000
2022,04,19,Unknown Artist,Unknown Track,233000
2022,04,19,Unknown Artist,Unknown Track,141830
2022,04,19,NCT,BOSS,0
2022,04,19,NCT DREAM,Quiet Down,0
2022,04,19,Jnr Choi,TO THE MOON,0
2022,04,19,NiziU,Super Summer,0
2022,04,19,(G)I-DLE,TOMBOY,0
2022,04,19,(G)I-DLE,TOMBOY,0
2022,04,19,(G)I-DLE,TOMBOY,0
2022,04,19,Dreamcatcher,Wind Blows,197493
2022,04,19,NMIXX,TANK,168146
2022,04,19,NCT DREAM,Glitch Mode,207053
2022,04,19,IVE,LOVE DIVE,161866
2022,04,19,IVE,LOVE DIVE,15593
2022,04,19,THE BOYZ,MAVERICK,206566
2022,04,19,THE BOYZ,MAVERICK,488
2022,04,19,THE BOYZ,MAVERICK,2213
2022,04,19,THE BOYZ,MAVERICK,23
2022,04,19,THE BOYZ,MAVERICK,206451
2022,04,19,Red Velvet,Peek-A-Boo,189049
2022,04,19,TREASURE,JIKJIN,184117
2022,04,19,OH MY GIRL,Nonstop,202760
2022,04,19,JEON SOYEON,Weather,165640
2022,04,19,Solar,HONEY,167626
2022,04,19,NMIXX,O.O,172936
2022,04,19,TWICE,The Feels,198053
2022,04,19,aespa,Black Mamba,174933
2022,04,19,Stray Kids,Thunderous,183266
2022,04,19,ENHYPEN,Given-Taken,183090
2022,04,19,NCT DREAM,Quiet Down,188400
2022,04,19,fromis_9,Weather,201800
2022,04,19,Red Velvet,Red Flavor,191139
2022,04,19,aespa,aenergy,147400
2022,04,19,TREASURE,DARARI,220716
2022,04,19,Bling Bling,LA LA LA,204173
2022,04,19,HOT ISSUE,Dunga Dunga,192720
2022,04,19,Weki Meki,COOL,14319
2022,04,19,HOT ISSUE,Dunga Dunga,192720
2022,04,19,HOT ISSUE,Dunga Dunga,192720
2022,04,19,HOT ISSUE,Dunga Dunga,87183
2022,04,19,Weki Meki,COOL,209786
2022,04,19,NCT DREAM,Hot Sauce,195813
2022,04,19,EVERGLOW,FIRST,212280
2022,04,19,ITZY,WANNABE,191242
2022,04,19,TWICE,1, 3, 2 (JEONGYEON, MINA, TZUYU),61481
2022,04,20,TWICE,1, 3, 2 (JEONGYEON, MINA, TZUYU),201017
2022,04,20,ATEEZ,If Without You,9564
2022,04,20,MOMOLAND,BBoom BBoom,208863
2022,04,20,NCT 127,Lemonade,190066
2022,04,20,TRI.BE,LORO,199573
2022,04,20,cignature,ASSA,201573
2022,04,20,LOONA,PTT (Paint The Town),201120
2022,04,20,SEVENTEEN,Rock with you,193926
2022,04,20,ONEUS,Twilight,217933
2022,04,20,Wanna One,Energetic,189355
2022,04,20,HOT ISSUE,GRATATA,192520
2022,04,20,TOMORROW X TOGETHER,Magic,316568
2022,04,20,NATURE,SOME (You'll Be Mine),217347
2022,04,20,Stray Kids,Surfin’ (Lee Know, Changbin, Felix),8975
2022,04,20,Stray Kids,Surfin’ (Lee Know, Changbin, Felix),1815
2022,04,20,iKON,Why Why Why,2042
2022,04,20,TOMORROW X TOGETHER,Magic,23
2022,04,20,NATURE,SOME (You'll Be Mine),1414
2022,04,20,ONEUS,Twilight,1700
2022,04,20,iKON,Why Why Why,206856
2022,04,20,iKON,Why Why Why,206856
2022,04,20,iKON,Why Why Why,206856
2022,04,20,iKON,Why Why Why,206856
2022,04,20,iKON,Why Why Why,206856
2022,04,20,iKON,Why Why Why,206856
2022,04,20,iKON,Why Why Why,17682
2022,04,20,ATEEZ,If Without You,0
2022,04,20,Weki Meki,COOL,203146
2022,04,20,ATEEZ,The Leaders,192217
2022,04,20,ATEEZ,Fireworks (I'm The One),209574
2022,04,20,ATEEZ,THANXX,181146
2022,04,20,ATEEZ,HALA HALA (Hearts Awakened, Live Alive),202097
2022,04,20,ATEEZ,WIN,202800
2022,04,20,A.C.E,SAVAGE,207243
2022,04,20,ATEEZ,Utopia,239066
2022,04,20,ONEUS,COME BACK HOME,77066
2022,04,20,ONEUS,COME BACK HOME,151689
2022,04,20,A.C.E,Goblin (Favorite Boys),215363
2022,04,20,ATEEZ,Horizon,191720
2022,04,20,ATEEZ,Precious,32648
2022,04,20,ATEEZ,Precious,171338
2022,04,20,ONEUS,TO BE OR NOT TO BE,227440
2022,04,20,KANG DANIEL,Who U Are,202160
2022,04,20,ONEUS,Twilight,217933
2022,04,20,Dreamcatcher,Scream,88108
2022,04,20,Dreamcatcher,Scream,116380
2022,04,20,ATEEZ,Illusion,210066
2022,04,20,Monsta X,YOU CAN'T HOLD MY HEART,181111
2022,04,20,DAWN 던,던디리던,192600
2022,04,20,CRAVITY,My Turn,380
2022,04,20,Dreamcatcher,BOCA,4561
2022,04,20,MAX CHANGMIN,Chocolate,10387
2022,04,20,Dreamcatcher,Silent Night,788
2022,04,20,Jessi,NUNU NANA,183290
2022,04,20,EVERGLOW,Bon Bon Chocolat,371874
2022,04,20,(G)I-DLE,TOMBOY,110858
2022,04,20,LOONA,Why Not?,71246
2022,04,20,ONEUS,LUNA,119296
2022,04,20,TOMORROW X TOGETHER,CROWN,172810
2022,04,20,IVE,LOVE DIVE,145614
2022,04,20,SHINee,Ring Ding Dong,75578
2022,04,20,Jessi,NUNU NANA,143000
2022,04,20,Bruno Mars,Talking to the Moon,18316
2022,04,20,Adele,Someone Like You,7495
2022,04,20,Bruno Mars,Talking to the Moon,220095
2022,04,20,Bruno Mars,Talking to the Moon,100740
2022,04,20,iKON,Why Why Why,206856
